carrier	schema	table_name	source
sqlite_table	public	ADDR_BELONGS_DATA	harvard/cbdb/cbdb_20260919.sqlite3 :: TABLE ADDR_BELONGS_DATA
sqlite_table	public	ADDR_CODES	harvard/cbdb/cbdb_20260919.sqlite3 :: TABLE ADDR_CODES
sqlite_table	public	ADMIN_CAT_CODES	harvard/cbdb/cbdb_20260919.sqlite3 :: TABLE ADMIN_CAT_CODES
sqlite_table	public	ADMIN_CAT_CODE_TYPE_REL	harvard/cbdb/cbdb_20260919.sqlite3 :: TABLE ADMIN_CAT_CODE_TYPE_REL
sqlite_table	public	ADMIN_CAT_TYPES	harvard/cbdb/cbdb_20260919.sqlite3 :: TABLE ADMIN_CAT_TYPES
sqlite_table	public	ALTNAME_CODES	harvard/cbdb/cbdb_20260919.sqlite3 :: TABLE ALTNAME_CODES
sqlite_table	public	ALTNAME_DATA	harvard/cbdb/cbdb_20260919.sqlite3 :: TABLE ALTNAME_DATA
sqlite_table	public	APPOINTMENT_CODES	harvard/cbdb/cbdb_20260919.sqlite3 :: TABLE APPOINTMENT_CODES
sqlite_table	public	APPOINTMENT_CODE_TYPE_REL	harvard/cbdb/cbdb_20260919.sqlite3 :: TABLE APPOINTMENT_CODE_TYPE_REL
sqlite_table	public	APPOINTMENT_TYPES	harvard/cbdb/cbdb_20260919.sqlite3 :: TABLE APPOINTMENT_TYPES
sqlite_table	public	ASSOC_CODES	harvard/cbdb/cbdb_20260919.sqlite3 :: TABLE ASSOC_CODES
sqlite_table	public	ASSOC_CODE_TYPE_REL	harvard/cbdb/cbdb_20260919.sqlite3 :: TABLE ASSOC_CODE_TYPE_REL
sqlite_table	public	ASSOC_DATA	harvard/cbdb/cbdb_20260919.sqlite3 :: TABLE ASSOC_DATA
sqlite_table	public	ASSOC_TYPES	harvard/cbdb/cbdb_20260919.sqlite3 :: TABLE ASSOC_TYPES
sqlite_table	public	ASSUME_OFFICE_CODES	harvard/cbdb/cbdb_20260919.sqlite3 :: TABLE ASSUME_OFFICE_CODES
sqlite_table	public	BIOG_ADDR_CODES	harvard/cbdb/cbdb_20260919.sqlite3 :: TABLE BIOG_ADDR_CODES
sqlite_table	public	BIOG_ADDR_DATA	harvard/cbdb/cbdb_20260919.sqlite3 :: TABLE BIOG_ADDR_DATA
sqlite_table	public	BIOG_INST_CODES	harvard/cbdb/cbdb_20260919.sqlite3 :: TABLE BIOG_INST_CODES
sqlite_table	public	BIOG_INST_DATA	harvard/cbdb/cbdb_20260919.sqlite3 :: TABLE BIOG_INST_DATA
sqlite_table	public	BIOG_MAIN	harvard/cbdb/cbdb_20260919.sqlite3 :: TABLE BIOG_MAIN
sqlite_table	public	BIOG_SOURCE_DATA	harvard/cbdb/cbdb_20260919.sqlite3 :: TABLE BIOG_SOURCE_DATA
sqlite_table	public	BIOG_TEXT_DATA	harvard/cbdb/cbdb_20260919.sqlite3 :: TABLE BIOG_TEXT_DATA
sqlite_table	public	CHORONYM_CODES	harvard/cbdb/cbdb_20260919.sqlite3 :: TABLE CHORONYM_CODES
sqlite_table	public	COUNTRY_CODES	harvard/cbdb/cbdb_20260919.sqlite3 :: TABLE COUNTRY_CODES
sqlite_table	public	DYNASTIES	harvard/cbdb/cbdb_20260919.sqlite3 :: TABLE DYNASTIES
sqlite_table	public	ENTRY_CODES	harvard/cbdb/cbdb_20260919.sqlite3 :: TABLE ENTRY_CODES
sqlite_table	public	ENTRY_CODE_TYPE_REL	harvard/cbdb/cbdb_20260919.sqlite3 :: TABLE ENTRY_CODE_TYPE_REL
sqlite_table	public	ENTRY_DATA	harvard/cbdb/cbdb_20260919.sqlite3 :: TABLE ENTRY_DATA
sqlite_table	public	ENTRY_TYPES	harvard/cbdb/cbdb_20260919.sqlite3 :: TABLE ENTRY_TYPES
sqlite_table	public	ETHNICITY_TRIBE_CODES	harvard/cbdb/cbdb_20260919.sqlite3 :: TABLE ETHNICITY_TRIBE_CODES
sqlite_table	public	EVENTS_ADDR	harvard/cbdb/cbdb_20260919.sqlite3 :: TABLE EVENTS_ADDR
sqlite_table	public	EVENTS_DATA	harvard/cbdb/cbdb_20260919.sqlite3 :: TABLE EVENTS_DATA
sqlite_table	public	EVENT_CODES	harvard/cbdb/cbdb_20260919.sqlite3 :: TABLE EVENT_CODES
sqlite_table	public	EXTANT_CODES	harvard/cbdb/cbdb_20260919.sqlite3 :: TABLE EXTANT_CODES
sqlite_table	public	GANZHI_CODES	harvard/cbdb/cbdb_20260919.sqlite3 :: TABLE GANZHI_CODES
sqlite_table	public	HOUSEHOLD_STATUS_CODES	harvard/cbdb/cbdb_20260919.sqlite3 :: TABLE HOUSEHOLD_STATUS_CODES
sqlite_table	public	INDEXYEAR_TYPE_CODES	harvard/cbdb/cbdb_20260919.sqlite3 :: TABLE INDEXYEAR_TYPE_CODES
sqlite_table	public	KINREL_REDUCTION	harvard/cbdb/cbdb_20260919.sqlite3 :: TABLE KINREL_REDUCTION
sqlite_table	public	KINSHIP_CODES	harvard/cbdb/cbdb_20260919.sqlite3 :: TABLE KINSHIP_CODES
sqlite_table	public	KIN_DATA	harvard/cbdb/cbdb_20260919.sqlite3 :: TABLE KIN_DATA
sqlite_table	public	KIN_MOURNING	harvard/cbdb/cbdb_20260919.sqlite3 :: TABLE KIN_MOURNING
sqlite_table	public	KIN_MOURNING_STEPS	harvard/cbdb/cbdb_20260919.sqlite3 :: TABLE KIN_MOURNING_STEPS
sqlite_table	public	LITERARYGENRE_CODES	harvard/cbdb/cbdb_20260919.sqlite3 :: TABLE LITERARYGENRE_CODES
sqlite_table	public	MEASURE_CODES	harvard/cbdb/cbdb_20260919.sqlite3 :: TABLE MEASURE_CODES
sqlite_table	public	MERGED_PERSON_DATA	harvard/cbdb/cbdb_20260919.sqlite3 :: TABLE MERGED_PERSON_DATA
sqlite_table	public	NIAN_HAO	harvard/cbdb/cbdb_20260919.sqlite3 :: TABLE NIAN_HAO
sqlite_table	public	OCCASION_CODES	harvard/cbdb/cbdb_20260919.sqlite3 :: TABLE OCCASION_CODES
sqlite_table	public	OFFICE_CATEGORIES	harvard/cbdb/cbdb_20260919.sqlite3 :: TABLE OFFICE_CATEGORIES
sqlite_table	public	OFFICE_CODES	harvard/cbdb/cbdb_20260919.sqlite3 :: TABLE OFFICE_CODES
sqlite_table	public	OFFICE_CODE_TYPE_REL	harvard/cbdb/cbdb_20260919.sqlite3 :: TABLE OFFICE_CODE_TYPE_REL
sqlite_table	public	OFFICE_TYPE_TREE	harvard/cbdb/cbdb_20260919.sqlite3 :: TABLE OFFICE_TYPE_TREE
sqlite_table	public	PARENTAL_STATUS_CODES	harvard/cbdb/cbdb_20260919.sqlite3 :: TABLE PARENTAL_STATUS_CODES
sqlite_table	public	POSSESSION_ACT_CODES	harvard/cbdb/cbdb_20260919.sqlite3 :: TABLE POSSESSION_ACT_CODES
sqlite_table	public	POSSESSION_ADDR	harvard/cbdb/cbdb_20260919.sqlite3 :: TABLE POSSESSION_ADDR
sqlite_table	public	POSSESSION_DATA	harvard/cbdb/cbdb_20260919.sqlite3 :: TABLE POSSESSION_DATA
sqlite_table	public	POSTED_TO_ADDR_DATA	harvard/cbdb/cbdb_20260919.sqlite3 :: TABLE POSTED_TO_ADDR_DATA
sqlite_table	public	POSTED_TO_OFFICE_DATA	harvard/cbdb/cbdb_20260919.sqlite3 :: TABLE POSTED_TO_OFFICE_DATA
sqlite_table	public	POSTING_DATA	harvard/cbdb/cbdb_20260919.sqlite3 :: TABLE POSTING_DATA
sqlite_table	public	SCHOLARLYTOPIC_CODES	harvard/cbdb/cbdb_20260919.sqlite3 :: TABLE SCHOLARLYTOPIC_CODES
sqlite_table	public	SOCIAL_INSTITUTION_ADDR	harvard/cbdb/cbdb_20260919.sqlite3 :: TABLE SOCIAL_INSTITUTION_ADDR
sqlite_table	public	SOCIAL_INSTITUTION_ADDR_TYPES	harvard/cbdb/cbdb_20260919.sqlite3 :: TABLE SOCIAL_INSTITUTION_ADDR_TYPES
sqlite_table	public	SOCIAL_INSTITUTION_ALTNAME_CODES	harvard/cbdb/cbdb_20260919.sqlite3 :: TABLE SOCIAL_INSTITUTION_ALTNAME_CODES
sqlite_table	public	SOCIAL_INSTITUTION_ALTNAME_DATA	harvard/cbdb/cbdb_20260919.sqlite3 :: TABLE SOCIAL_INSTITUTION_ALTNAME_DATA
sqlite_table	public	SOCIAL_INSTITUTION_CODES	harvard/cbdb/cbdb_20260919.sqlite3 :: TABLE SOCIAL_INSTITUTION_CODES
sqlite_table	public	SOCIAL_INSTITUTION_NAME_CODES	harvard/cbdb/cbdb_20260919.sqlite3 :: TABLE SOCIAL_INSTITUTION_NAME_CODES
sqlite_table	public	SOCIAL_INSTITUTION_TYPES	harvard/cbdb/cbdb_20260919.sqlite3 :: TABLE SOCIAL_INSTITUTION_TYPES
sqlite_table	public	STATUS_CODES	harvard/cbdb/cbdb_20260919.sqlite3 :: TABLE STATUS_CODES
sqlite_table	public	STATUS_CODE_TYPE_REL	harvard/cbdb/cbdb_20260919.sqlite3 :: TABLE STATUS_CODE_TYPE_REL
sqlite_table	public	STATUS_DATA	harvard/cbdb/cbdb_20260919.sqlite3 :: TABLE STATUS_DATA
sqlite_table	public	STATUS_TYPES	harvard/cbdb/cbdb_20260919.sqlite3 :: TABLE STATUS_TYPES
sqlite_table	public	TEXT_BIBLCAT_CODES	harvard/cbdb/cbdb_20260919.sqlite3 :: TABLE TEXT_BIBLCAT_CODES
sqlite_table	public	TEXT_BIBLCAT_CODE_TYPE_REL	harvard/cbdb/cbdb_20260919.sqlite3 :: TABLE TEXT_BIBLCAT_CODE_TYPE_REL
sqlite_table	public	TEXT_BIBLCAT_TYPES	harvard/cbdb/cbdb_20260919.sqlite3 :: TABLE TEXT_BIBLCAT_TYPES
sqlite_table	public	TEXT_CODES	harvard/cbdb/cbdb_20260919.sqlite3 :: TABLE TEXT_CODES
sqlite_table	public	TEXT_INSTANCE_DATA	harvard/cbdb/cbdb_20260919.sqlite3 :: TABLE TEXT_INSTANCE_DATA
sqlite_table	public	TEXT_ROLE_CODES	harvard/cbdb/cbdb_20260919.sqlite3 :: TABLE TEXT_ROLE_CODES
sqlite_table	public	TEXT_TYPE	harvard/cbdb/cbdb_20260919.sqlite3 :: TABLE TEXT_TYPE
sqlite_table	public	YEAR_RANGE_CODES	harvard/cbdb/cbdb_20260919.sqlite3 :: TABLE YEAR_RANGE_CODES
shapefile	chgis	v6_time_pref_pgn_utf_wgs84	harvard/chgis/v6_time_pref_pgn_utf_wgs84.zip::v6_time_pref_pgn_utf_wgs84.shp
shapefile	chgis	v6_time_pref_pts_utf_wgs84	harvard/chgis/v6_time_pref_pts_utf_wgs84.zip::v6_time_pref_pts_utf_wgs84.shp
shapefile	chgis	v6_time_cnty_pts_utf_wgs84	harvard/chgis/v6_time_cnty_pts_utf_wgs84.zip::v6_time_cnty_pts_utf_wgs84.shp
shapefile	chgis	asia_contour	harvard-full/doi_10_7910/DVN/25413/DCW_CHINA_contours.zip::asia_contour.shp
shapefile	chgis	v5_0741_chin_chn_0741_c	harvard-full/doi_10_7910/DVN/29302/v5_Hartwell_2010.zip::v5_Hartwell/v5_0741_chin_chn_0741_c.shp
shapefile	chgis	v5_0741_chin_chn_0741_p	harvard-full/doi_10_7910/DVN/29302/v5_Hartwell_2010.zip::v5_Hartwell/v5_0741_chin_chn_0741_p.shp
shapefile	chgis	v5_0741_circ_gn_0741_d	harvard-full/doi_10_7910/DVN/29302/v5_Hartwell_2010.zip::v5_Hartwell/v5_0741_circ_gn_0741_d.shp
shapefile	chgis	v5_0741_circ_hb_0741_d	harvard-full/doi_10_7910/DVN/29302/v5_Hartwell_2010.zip::v5_Hartwell/v5_0741_circ_hb_0741_d.shp
shapefile	chgis	v5_0741_circ_hd_0741_d	harvard-full/doi_10_7910/DVN/29302/v5_Hartwell_2010.zip::v5_Hartwell/v5_0741_circ_hd_0741_d.shp
shapefile	chgis	v5_0741_circ_hn_0741_d	harvard-full/doi_10_7910/DVN/29302/v5_Hartwell_2010.zip::v5_Hartwell/v5_0741_circ_hn_0741_d.shp
shapefile	chgis	v5_0741_circ_hun_0741_d	harvard-full/doi_10_7910/DVN/29302/v5_Hartwell_2010.zip::v5_Hartwell/v5_0741_circ_hun_0741_d.shp
shapefile	chgis	v5_0741_circ_jgn_0741_d	harvard-full/doi_10_7910/DVN/29302/v5_Hartwell_2010.zip::v5_Hartwell/v5_0741_circ_jgn_0741_d.shp
shapefile	chgis	v5_0741_circ_jnn_0741_d	harvard-full/doi_10_7910/DVN/29302/v5_Hartwell_2010.zip::v5_Hartwell/v5_0741_circ_jnn_0741_d.shp
shapefile	chgis	v5_0741_circ_ln_0741_d	harvard-full/doi_10_7910/DVN/29302/v5_Hartwell_2010.zip::v5_Hartwell/v5_0741_circ_ln_0741_d.shp
shapefile	chgis	v5_0741_circ_ly_0741_d	harvard-full/doi_10_7910/DVN/29302/v5_Hartwell_2010.zip::v5_Hartwell/v5_0741_circ_ly_0741_d.shp
shapefile	chgis	v5_0741_circ_sn_0741_d	harvard-full/doi_10_7910/DVN/29302/v5_Hartwell_2010.zip::v5_Hartwell/v5_0741_circ_sn_0741_d.shp
shapefile	chgis	v5_0741_cnty_gn_0741_c	harvard-full/doi_10_7910/DVN/29302/v5_Hartwell_2010.zip::v5_Hartwell/v5_0741_cnty_gn_0741_c.shp
shapefile	chgis	v5_0741_cnty_hb_0741_c	harvard-full/doi_10_7910/DVN/29302/v5_Hartwell_2010.zip::v5_Hartwell/v5_0741_cnty_hb_0741_c.shp
shapefile	chgis	v5_0741_cnty_hd_0741_c	harvard-full/doi_10_7910/DVN/29302/v5_Hartwell_2010.zip::v5_Hartwell/v5_0741_cnty_hd_0741_c.shp
shapefile	chgis	v5_0741_cnty_hn_0741_c	harvard-full/doi_10_7910/DVN/29302/v5_Hartwell_2010.zip::v5_Hartwell/v5_0741_cnty_hn_0741_c.shp
shapefile	chgis	v5_0741_cnty_hun_0741_c	harvard-full/doi_10_7910/DVN/29302/v5_Hartwell_2010.zip::v5_Hartwell/v5_0741_cnty_hun_0741_c.shp
shapefile	chgis	v5_0741_cnty_jgn_0741_c	harvard-full/doi_10_7910/DVN/29302/v5_Hartwell_2010.zip::v5_Hartwell/v5_0741_cnty_jgn_0741_c.shp
shapefile	chgis	v5_0741_cnty_jnn_0741_c	harvard-full/doi_10_7910/DVN/29302/v5_Hartwell_2010.zip::v5_Hartwell/v5_0741_cnty_jnn_0741_c.shp
shapefile	chgis	v5_0741_cnty_ln_0741_c	harvard-full/doi_10_7910/DVN/29302/v5_Hartwell_2010.zip::v5_Hartwell/v5_0741_cnty_ln_0741_c.shp
shapefile	chgis	v5_0741_cnty_ly_0741_c	harvard-full/doi_10_7910/DVN/29302/v5_Hartwell_2010.zip::v5_Hartwell/v5_0741_cnty_ly_0741_c.shp
shapefile	chgis	v5_0741_cnty_sn_0741_c	harvard-full/doi_10_7910/DVN/29302/v5_Hartwell_2010.zip::v5_Hartwell/v5_0741_cnty_sn_0741_c.shp
shapefile	chgis	v5_0741_indp_jnt_0741_p	harvard-full/doi_10_7910/DVN/29302/v5_Hartwell_2010.zip::v5_Hartwell/v5_0741_indp_jnt_0741_p.shp
shapefile	chgis	v5_0741_indp_jntr_0741	harvard-full/doi_10_7910/DVN/29302/v5_Hartwell_2010.zip::v5_Hartwell/v5_0741_indp_jntr_0741.shp
shapefile	chgis	v5_0741_indp_liu_0741_p	harvard-full/doi_10_7910/DVN/29302/v5_Hartwell_2010.zip::v5_Hartwell/v5_0741_indp_liu_0741_p.shp
shapefile	chgis	v5_0741_indp_liuq_0741	harvard-full/doi_10_7910/DVN/29302/v5_Hartwell_2010.zip::v5_Hartwell/v5_0741_indp_liuq_0741.shp
shapefile	chgis	v5_0741_indp_tft_0741_p	harvard-full/doi_10_7910/DVN/29302/v5_Hartwell_2010.zip::v5_Hartwell/v5_0741_indp_tft_0741_p.shp
shapefile	chgis	v5_0741_indp_tftr_0741	harvard-full/doi_10_7910/DVN/29302/v5_Hartwell_2010.zip::v5_Hartwell/v5_0741_indp_tftr_0741.shp
shapefile	chgis	v5_0741_pref_gn_0741_p	harvard-full/doi_10_7910/DVN/29302/v5_Hartwell_2010.zip::v5_Hartwell/v5_0741_pref_gn_0741_p.shp
shapefile	chgis	v5_0741_pref_hb_0741_p	harvard-full/doi_10_7910/DVN/29302/v5_Hartwell_2010.zip::v5_Hartwell/v5_0741_pref_hb_0741_p.shp
shapefile	chgis	v5_0741_pref_hd_0741_p	harvard-full/doi_10_7910/DVN/29302/v5_Hartwell_2010.zip::v5_Hartwell/v5_0741_pref_hd_0741_p.shp
shapefile	chgis	v5_0741_pref_hn_0741_p	harvard-full/doi_10_7910/DVN/29302/v5_Hartwell_2010.zip::v5_Hartwell/v5_0741_pref_hn_0741_p.shp
shapefile	chgis	v5_0741_pref_hun_0741_p	harvard-full/doi_10_7910/DVN/29302/v5_Hartwell_2010.zip::v5_Hartwell/v5_0741_pref_hun_0741_p.shp
shapefile	chgis	v5_0741_pref_jgn_0741_p	harvard-full/doi_10_7910/DVN/29302/v5_Hartwell_2010.zip::v5_Hartwell/v5_0741_pref_jgn_0741_p.shp
shapefile	chgis	v5_0741_pref_jnn_0741_p	harvard-full/doi_10_7910/DVN/29302/v5_Hartwell_2010.zip::v5_Hartwell/v5_0741_pref_jnn_0741_p.shp
shapefile	chgis	v5_0741_pref_ln_0741_p	harvard-full/doi_10_7910/DVN/29302/v5_Hartwell_2010.zip::v5_Hartwell/v5_0741_pref_ln_0741_p.shp
shapefile	chgis	v5_0741_pref_ly_0741_p	harvard-full/doi_10_7910/DVN/29302/v5_Hartwell_2010.zip::v5_Hartwell/v5_0741_pref_ly_0741_p.shp
shapefile	chgis	v5_0741_pref_sn_0741_p	harvard-full/doi_10_7910/DVN/29302/v5_Hartwell_2010.zip::v5_Hartwell/v5_0741_pref_sn_0741_p.shp
shapefile	chgis	v5_1080_chin_chn_1080_c	harvard-full/doi_10_7910/DVN/29302/v5_Hartwell_2010.zip::v5_Hartwell/v5_1080_chin_chn_1080_c.shp
shapefile	chgis	v5_1080_chin_chn_1080_l	harvard-full/doi_10_7910/DVN/29302/v5_Hartwell_2010.zip::v5_Hartwell/v5_1080_chin_chn_1080_l.shp
shapefile	chgis	v5_1080_chin_chn_1080_p	harvard-full/doi_10_7910/DVN/29302/v5_Hartwell_2010.zip::v5_Hartwell/v5_1080_chin_chn_1080_p.shp
shapefile	chgis	v5_1080_chin_chn_1080_c	harvard-full/doi_10_7910/DVN/29302/v5_Hartwell_2010.zip::v5_Hartwell/v5_1080_chin_chn_1080_p.zip::v5_1080_chin_chn_1080_c.shp
shapefile	chgis	v5_1080_chin_chn_1080_l	harvard-full/doi_10_7910/DVN/29302/v5_Hartwell_2010.zip::v5_Hartwell/v5_1080_chin_chn_1080_p.zip::v5_1080_chin_chn_1080_l.shp
shapefile	chgis	v5_1080_chin_chn_1080_p	harvard-full/doi_10_7910/DVN/29302/v5_Hartwell_2010.zip::v5_Hartwell/v5_1080_chin_chn_1080_p.zip::v5_1080_chin_chn_1080_p.shp
shapefile	chgis	v5_1080_chin_difang	harvard-full/doi_10_7910/DVN/29302/v5_Hartwell_2010.zip::v5_Hartwell/v5_1080_chin_difang.shp
shapefile	chgis	v5_1080_circ_cdf_1080_l	harvard-full/doi_10_7910/DVN/29302/v5_Hartwell_2010.zip::v5_Hartwell/v5_1080_circ_cdf_1080_l.shp
shapefile	chgis	v5_1080_circ_fj_1080_l	harvard-full/doi_10_7910/DVN/29302/v5_Hartwell_2010.zip::v5_Hartwell/v5_1080_circ_fj_1080_l.shp
shapefile	chgis	v5_1080_circ_gnd_1080_l	harvard-full/doi_10_7910/DVN/29302/v5_Hartwell_2010.zip::v5_Hartwell/v5_1080_circ_gnd_1080_l.shp
shapefile	chgis	v5_1080_circ_gnx_1080_l	harvard-full/doi_10_7910/DVN/29302/v5_Hartwell_2010.zip::v5_Hartwell/v5_1080_circ_gnx_1080_l.shp
shapefile	chgis	v5_1080_circ_hbd_1080_l	harvard-full/doi_10_7910/DVN/29302/v5_Hartwell_2010.zip::v5_Hartwell/v5_1080_circ_hbd_1080_l.shp
shapefile	chgis	v5_1080_circ_hbx_1080_l	harvard-full/doi_10_7910/DVN/29302/v5_Hartwell_2010.zip::v5_Hartwell/v5_1080_circ_hbx_1080_l.shp
shapefile	chgis	v5_1080_circ_hd_1080_l	harvard-full/doi_10_7910/DVN/29302/v5_Hartwell_2010.zip::v5_Hartwell/v5_1080_circ_hd_1080_l.shp
shapefile	chgis	v5_1080_circ_hnd_1080_l	harvard-full/doi_10_7910/DVN/29302/v5_Hartwell_2010.zip::v5_Hartwell/v5_1080_circ_hnd_1080_l.shp
shapefile	chgis	v5_1080_circ_hnx_1080_l	harvard-full/doi_10_7910/DVN/29302/v5_Hartwell_2010.zip::v5_Hartwell/v5_1080_circ_hnx_1080_l.shp
shapefile	chgis	v5_1080_circ_jdd_1080_l	harvard-full/doi_10_7910/DVN/29302/v5_Hartwell_2010.zip::v5_Hartwell/v5_1080_circ_jdd_1080_l.shp
shapefile	chgis	v5_1080_circ_jdx_1080_l	harvard-full/doi_10_7910/DVN/29302/v5_Hartwell_2010.zip::v5_Hartwell/v5_1080_circ_jdx_1080_l.shp
shapefile	chgis	v5_1080_circ_jhb_1080_l	harvard-full/doi_10_7910/DVN/29302/v5_Hartwell_2010.zip::v5_Hartwell/v5_1080_circ_jhb_1080_l.shp
shapefile	chgis	v5_1080_circ_jhn_1080_l	harvard-full/doi_10_7910/DVN/29302/v5_Hartwell_2010.zip::v5_Hartwell/v5_1080_circ_jhn_1080_l.shp
shapefile	chgis	v5_1080_circ_jj_1080_l	harvard-full/doi_10_7910/DVN/29302/v5_Hartwell_2010.zip::v5_Hartwell/v5_1080_circ_jj_1080_l.shp
shapefile	chgis	v5_1080_circ_jnd_1080_l	harvard-full/doi_10_7910/DVN/29302/v5_Hartwell_2010.zip::v5_Hartwell/v5_1080_circ_jnd_1080_l.shp
shapefile	chgis	v5_1080_circ_jnx_1080_l	harvard-full/doi_10_7910/DVN/29302/v5_Hartwell_2010.zip::v5_Hartwell/v5_1080_circ_jnx_1080_l.shp
shapefile	chgis	v5_1080_circ_jxb_1080_l	harvard-full/doi_10_7910/DVN/29302/v5_Hartwell_2010.zip::v5_Hartwell/v5_1080_circ_jxb_1080_l.shp
shapefile	chgis	v5_1080_circ_jxn_1080_l	harvard-full/doi_10_7910/DVN/29302/v5_Hartwell_2010.zip::v5_Hartwell/v5_1080_circ_jxn_1080_l.shp
shapefile	chgis	v5_1080_circ_kz_1080_l	harvard-full/doi_10_7910/DVN/29302/v5_Hartwell_2010.zip::v5_Hartwell/v5_1080_circ_kz_1080_l.shp
shapefile	chgis	v5_1080_circ_liz_1080_l	harvard-full/doi_10_7910/DVN/29302/v5_Hartwell_2010.zip::v5_Hartwell/v5_1080_circ_liz_1080_l.shp
shapefile	chgis	v5_1080_circ_lz_1080_l	harvard-full/doi_10_7910/DVN/29302/v5_Hartwell_2010.zip::v5_Hartwell/v5_1080_circ_lz_1080_l.shp
shapefile	chgis	v5_1080_circ_qf_1080_l	harvard-full/doi_10_7910/DVN/29302/v5_Hartwell_2010.zip::v5_Hartwell/v5_1080_circ_qf_1080_l.shp
shapefile	chgis	v5_1080_circ_yx_1080_l	harvard-full/doi_10_7910/DVN/29302/v5_Hartwell_2010.zip::v5_Hartwell/v5_1080_circ_yx_1080_l.shp
shapefile	chgis	v5_1080_circ_zz_1080_l	harvard-full/doi_10_7910/DVN/29302/v5_Hartwell_2010.zip::v5_Hartwell/v5_1080_circ_zz_1080_l.shp
shapefile	chgis	v5_1080_cnty_cdf_1080_c	harvard-full/doi_10_7910/DVN/29302/v5_Hartwell_2010.zip::v5_Hartwell/v5_1080_cnty_cdf_1080_c.shp
shapefile	chgis	v5_1080_cnty_fj_1080_c	harvard-full/doi_10_7910/DVN/29302/v5_Hartwell_2010.zip::v5_Hartwell/v5_1080_cnty_fj_1080_c.shp
shapefile	chgis	v5_1080_cnty_gnd_1080_c	harvard-full/doi_10_7910/DVN/29302/v5_Hartwell_2010.zip::v5_Hartwell/v5_1080_cnty_gnd_1080_c.shp
shapefile	chgis	v5_1080_cnty_gnx_1080_c	harvard-full/doi_10_7910/DVN/29302/v5_Hartwell_2010.zip::v5_Hartwell/v5_1080_cnty_gnx_1080_c.shp
shapefile	chgis	v5_1080_cnty_hbd_1080_c	harvard-full/doi_10_7910/DVN/29302/v5_Hartwell_2010.zip::v5_Hartwell/v5_1080_cnty_hbd_1080_c.shp
shapefile	chgis	v5_1080_cnty_hbx_1080_c	harvard-full/doi_10_7910/DVN/29302/v5_Hartwell_2010.zip::v5_Hartwell/v5_1080_cnty_hbx_1080_c.shp
shapefile	chgis	v5_1080_cnty_hd_1080_c	harvard-full/doi_10_7910/DVN/29302/v5_Hartwell_2010.zip::v5_Hartwell/v5_1080_cnty_hd_1080_c.shp
shapefile	chgis	v5_1080_cnty_hnd_1080_c	harvard-full/doi_10_7910/DVN/29302/v5_Hartwell_2010.zip::v5_Hartwell/v5_1080_cnty_hnd_1080_c.shp
shapefile	chgis	v5_1080_cnty_hnx_1080_c	harvard-full/doi_10_7910/DVN/29302/v5_Hartwell_2010.zip::v5_Hartwell/v5_1080_cnty_hnx_1080_c.shp
shapefile	chgis	v5_1080_cnty_jdd_1080_c	harvard-full/doi_10_7910/DVN/29302/v5_Hartwell_2010.zip::v5_Hartwell/v5_1080_cnty_jdd_1080_c.shp
shapefile	chgis	v5_1080_cnty_jdx_1080_c	harvard-full/doi_10_7910/DVN/29302/v5_Hartwell_2010.zip::v5_Hartwell/v5_1080_cnty_jdx_1080_c.shp
shapefile	chgis	v5_1080_cnty_jhb_1080_c	harvard-full/doi_10_7910/DVN/29302/v5_Hartwell_2010.zip::v5_Hartwell/v5_1080_cnty_jhb_1080_c.shp
shapefile	chgis	v5_1080_cnty_jhn_1080_c	harvard-full/doi_10_7910/DVN/29302/v5_Hartwell_2010.zip::v5_Hartwell/v5_1080_cnty_jhn_1080_c.shp
shapefile	chgis	v5_1080_cnty_jj_1080_c	harvard-full/doi_10_7910/DVN/29302/v5_Hartwell_2010.zip::v5_Hartwell/v5_1080_cnty_jj_1080_c.shp
shapefile	chgis	v5_1080_cnty_jnd_1080_c	harvard-full/doi_10_7910/DVN/29302/v5_Hartwell_2010.zip::v5_Hartwell/v5_1080_cnty_jnd_1080_c.shp
shapefile	chgis	v5_1080_cnty_jnx_1080_c	harvard-full/doi_10_7910/DVN/29302/v5_Hartwell_2010.zip::v5_Hartwell/v5_1080_cnty_jnx_1080_c.shp
shapefile	chgis	v5_1080_cnty_jxb_1080_c	harvard-full/doi_10_7910/DVN/29302/v5_Hartwell_2010.zip::v5_Hartwell/v5_1080_cnty_jxb_1080_c.shp
shapefile	chgis	v5_1080_cnty_jxn_1080_c	harvard-full/doi_10_7910/DVN/29302/v5_Hartwell_2010.zip::v5_Hartwell/v5_1080_cnty_jxn_1080_c.shp
shapefile	chgis	v5_1080_cnty_kz_1080_c	harvard-full/doi_10_7910/DVN/29302/v5_Hartwell_2010.zip::v5_Hartwell/v5_1080_cnty_kz_1080_c.shp
shapefile	chgis	v5_1080_cnty_liz_1080_c	harvard-full/doi_10_7910/DVN/29302/v5_Hartwell_2010.zip::v5_Hartwell/v5_1080_cnty_liz_1080_c.shp
shapefile	chgis	v5_1080_cnty_lz_1080_c	harvard-full/doi_10_7910/DVN/29302/v5_Hartwell_2010.zip::v5_Hartwell/v5_1080_cnty_lz_1080_c.shp
shapefile	chgis	v5_1080_cnty_qf_1080_c	harvard-full/doi_10_7910/DVN/29302/v5_Hartwell_2010.zip::v5_Hartwell/v5_1080_cnty_qf_1080_c.shp
shapefile	chgis	v5_1080_cnty_yx_1080_c	harvard-full/doi_10_7910/DVN/29302/v5_Hartwell_2010.zip::v5_Hartwell/v5_1080_cnty_yx_1080_c.shp
shapefile	chgis	v5_1080_cnty_zz_1080_c	harvard-full/doi_10_7910/DVN/29302/v5_Hartwell_2010.zip::v5_Hartwell/v5_1080_cnty_zz_1080_c.shp
shapefile	chgis	v5_1080_indp_abor_1080	harvard-full/doi_10_7910/DVN/29302/v5_Hartwell_2010.zip::v5_Hartwell/v5_1080_indp_abor_1080.shp
shapefile	chgis	v5_1080_indp_dali_1080	harvard-full/doi_10_7910/DVN/29302/v5_Hartwell_2010.zip::v5_Hartwell/v5_1080_indp_dali_1080.shp
shapefile	chgis	v5_1080_indp_hei_1080	harvard-full/doi_10_7910/DVN/29302/v5_Hartwell_2010.zip::v5_Hartwell/v5_1080_indp_hei_1080.shp
shapefile	chgis	v5_1080_indp_hotn_1080	harvard-full/doi_10_7910/DVN/29302/v5_Hartwell_2010.zip::v5_Hartwell/v5_1080_indp_hotn_1080.shp
shapefile	chgis	v5_1080_indp_ind_1080_l	harvard-full/doi_10_7910/DVN/29302/v5_Hartwell_2010.zip::v5_Hartwell/v5_1080_indp_ind_1080_l.shp
shapefile	chgis	v5_1080_indp_ind_1080_p	harvard-full/doi_10_7910/DVN/29302/v5_Hartwell_2010.zip::v5_Hartwell/v5_1080_indp_ind_1080_p.shp
shapefile	chgis	v5_1080_indp_liao_1080	harvard-full/doi_10_7910/DVN/29302/v5_Hartwell_2010.zip::v5_Hartwell/v5_1080_indp_liao_1080.shp
shapefile	chgis	v5_1080_indp_liu_1080_l	harvard-full/doi_10_7910/DVN/29302/v5_Hartwell_2010.zip::v5_Hartwell/v5_1080_indp_liu_1080_l.shp
shapefile	chgis	v5_1080_indp_liu_1080_p	harvard-full/doi_10_7910/DVN/29302/v5_Hartwell_2010.zip::v5_Hartwell/v5_1080_indp_liu_1080_p.shp
shapefile	chgis	v5_1080_indp_liuq_1080	harvard-full/doi_10_7910/DVN/29302/v5_Hartwell_2010.zip::v5_Hartwell/v5_1080_indp_liuq_1080.shp
shapefile	chgis	v5_1080_indp_tufn_1080	harvard-full/doi_10_7910/DVN/29302/v5_Hartwell_2010.zip::v5_Hartwell/v5_1080_indp_tufn_1080.shp
shapefile	chgis	v5_1080_indp_uigr_1080	harvard-full/doi_10_7910/DVN/29302/v5_Hartwell_2010.zip::v5_Hartwell/v5_1080_indp_uigr_1080.shp
shapefile	chgis	v5_1080_indp_xxia_1080	harvard-full/doi_10_7910/DVN/29302/v5_Hartwell_2010.zip::v5_Hartwell/v5_1080_indp_xxia_1080.shp
shapefile	chgis	v5_1080_liao_djd_1080_c	harvard-full/doi_10_7910/DVN/29302/v5_Hartwell_2010.zip::v5_Hartwell/v5_1080_liao_djd_1080_c.shp
shapefile	chgis	v5_1080_liao_djd_1080_d	harvard-full/doi_10_7910/DVN/29302/v5_Hartwell_2010.zip::v5_Hartwell/v5_1080_liao_djd_1080_d.shp
shapefile	chgis	v5_1080_liao_djd_1080_p	harvard-full/doi_10_7910/DVN/29302/v5_Hartwell_2010.zip::v5_Hartwell/v5_1080_liao_djd_1080_p.shp
shapefile	chgis	v5_1080_liao_dtl_1080_d	harvard-full/doi_10_7910/DVN/29302/v5_Hartwell_2010.zip::v5_Hartwell/v5_1080_liao_dtl_1080_d.shp
shapefile	chgis	v5_1080_liao_dtl_1080_j	harvard-full/doi_10_7910/DVN/29302/v5_Hartwell_2010.zip::v5_Hartwell/v5_1080_liao_dtl_1080_j.shp
shapefile	chgis	v5_1080_liao_dtl_1080_p	harvard-full/doi_10_7910/DVN/29302/v5_Hartwell_2010.zip::v5_Hartwell/v5_1080_liao_dtl_1080_p.shp
shapefile	chgis	v5_1080_liao_njd_1080_c	harvard-full/doi_10_7910/DVN/29302/v5_Hartwell_2010.zip::v5_Hartwell/v5_1080_liao_njd_1080_c.shp
shapefile	chgis	v5_1080_liao_njd_1080_d	harvard-full/doi_10_7910/DVN/29302/v5_Hartwell_2010.zip::v5_Hartwell/v5_1080_liao_njd_1080_d.shp
shapefile	chgis	v5_1080_liao_njd_1080_p	harvard-full/doi_10_7910/DVN/29302/v5_Hartwell_2010.zip::v5_Hartwell/v5_1080_liao_njd_1080_p.shp
shapefile	chgis	v5_1080_liao_sjd_1080_c	harvard-full/doi_10_7910/DVN/29302/v5_Hartwell_2010.zip::v5_Hartwell/v5_1080_liao_sjd_1080_c.shp
shapefile	chgis	v5_1080_liao_sjd_1080_d	harvard-full/doi_10_7910/DVN/29302/v5_Hartwell_2010.zip::v5_Hartwell/v5_1080_liao_sjd_1080_d.shp
shapefile	chgis	v5_1080_liao_sjd_1080_p	harvard-full/doi_10_7910/DVN/29302/v5_Hartwell_2010.zip::v5_Hartwell/v5_1080_liao_sjd_1080_p.shp
shapefile	chgis	v5_1080_liao_sjd_1080z	harvard-full/doi_10_7910/DVN/29302/v5_Hartwell_2010.zip::v5_Hartwell/v5_1080_liao_sjd_1080z.shp
shapefile	chgis	v5_1080_liao_xjd_1080_c	harvard-full/doi_10_7910/DVN/29302/v5_Hartwell_2010.zip::v5_Hartwell/v5_1080_liao_xjd_1080_c.shp
shapefile	chgis	v5_1080_liao_xjd_1080_d	harvard-full/doi_10_7910/DVN/29302/v5_Hartwell_2010.zip::v5_Hartwell/v5_1080_liao_xjd_1080_d.shp
shapefile	chgis	v5_1080_liao_xjd_1080_p	harvard-full/doi_10_7910/DVN/29302/v5_Hartwell_2010.zip::v5_Hartwell/v5_1080_liao_xjd_1080_p.shp
shapefile	chgis	v5_1080_liao_zjd_1080_c	harvard-full/doi_10_7910/DVN/29302/v5_Hartwell_2010.zip::v5_Hartwell/v5_1080_liao_zjd_1080_c.shp
shapefile	chgis	v5_1080_liao_zjd_1080_d	harvard-full/doi_10_7910/DVN/29302/v5_Hartwell_2010.zip::v5_Hartwell/v5_1080_liao_zjd_1080_d.shp
shapefile	chgis	v5_1080_liao_zjd_1080_p	harvard-full/doi_10_7910/DVN/29302/v5_Hartwell_2010.zip::v5_Hartwell/v5_1080_liao_zjd_1080_p.shp
shapefile	chgis	v5_1080_pref_cdf_1080_p	harvard-full/doi_10_7910/DVN/29302/v5_Hartwell_2010.zip::v5_Hartwell/v5_1080_pref_cdf_1080_p.shp
shapefile	chgis	v5_1080_pref_fj_1080_p	harvard-full/doi_10_7910/DVN/29302/v5_Hartwell_2010.zip::v5_Hartwell/v5_1080_pref_fj_1080_p.shp
shapefile	chgis	v5_1080_pref_gnd_1080_p	harvard-full/doi_10_7910/DVN/29302/v5_Hartwell_2010.zip::v5_Hartwell/v5_1080_pref_gnd_1080_p.shp
shapefile	chgis	v5_1080_pref_gnx_1080_p	harvard-full/doi_10_7910/DVN/29302/v5_Hartwell_2010.zip::v5_Hartwell/v5_1080_pref_gnx_1080_p.shp
shapefile	chgis	v5_1080_pref_hbd_1080_p	harvard-full/doi_10_7910/DVN/29302/v5_Hartwell_2010.zip::v5_Hartwell/v5_1080_pref_hbd_1080_p.shp
shapefile	chgis	v5_1080_pref_hbx_1080_p	harvard-full/doi_10_7910/DVN/29302/v5_Hartwell_2010.zip::v5_Hartwell/v5_1080_pref_hbx_1080_p.shp
shapefile	chgis	v5_1080_pref_hd_1080_p	harvard-full/doi_10_7910/DVN/29302/v5_Hartwell_2010.zip::v5_Hartwell/v5_1080_pref_hd_1080_p.shp
shapefile	chgis	v5_1080_pref_hnd_1080_p	harvard-full/doi_10_7910/DVN/29302/v5_Hartwell_2010.zip::v5_Hartwell/v5_1080_pref_hnd_1080_p.shp
shapefile	chgis	v5_1080_pref_hnx_1080_p	harvard-full/doi_10_7910/DVN/29302/v5_Hartwell_2010.zip::v5_Hartwell/v5_1080_pref_hnx_1080_p.shp
shapefile	chgis	v5_1080_pref_jdd_1080_p	harvard-full/doi_10_7910/DVN/29302/v5_Hartwell_2010.zip::v5_Hartwell/v5_1080_pref_jdd_1080_p.shp
shapefile	chgis	v5_1080_pref_jdx_1080_p	harvard-full/doi_10_7910/DVN/29302/v5_Hartwell_2010.zip::v5_Hartwell/v5_1080_pref_jdx_1080_p.shp
shapefile	chgis	v5_1080_pref_jhb_1080_p	harvard-full/doi_10_7910/DVN/29302/v5_Hartwell_2010.zip::v5_Hartwell/v5_1080_pref_jhb_1080_p.shp
shapefile	chgis	v5_1080_pref_jhn_1080_p	harvard-full/doi_10_7910/DVN/29302/v5_Hartwell_2010.zip::v5_Hartwell/v5_1080_pref_jhn_1080_p.shp
shapefile	chgis	v5_1080_pref_jj_1080_p	harvard-full/doi_10_7910/DVN/29302/v5_Hartwell_2010.zip::v5_Hartwell/v5_1080_pref_jj_1080_p.shp
shapefile	chgis	v5_1080_pref_jnd_1080_p	harvard-full/doi_10_7910/DVN/29302/v5_Hartwell_2010.zip::v5_Hartwell/v5_1080_pref_jnd_1080_p.shp
shapefile	chgis	v5_1080_pref_jnx_1080_p	harvard-full/doi_10_7910/DVN/29302/v5_Hartwell_2010.zip::v5_Hartwell/v5_1080_pref_jnx_1080_p.shp
shapefile	chgis	v5_1080_pref_jxb_1080_p	harvard-full/doi_10_7910/DVN/29302/v5_Hartwell_2010.zip::v5_Hartwell/v5_1080_pref_jxb_1080_p.shp
shapefile	chgis	v5_1080_pref_jxn_1080_p	harvard-full/doi_10_7910/DVN/29302/v5_Hartwell_2010.zip::v5_Hartwell/v5_1080_pref_jxn_1080_p.shp
shapefile	chgis	v5_1080_pref_kz_1080_p	harvard-full/doi_10_7910/DVN/29302/v5_Hartwell_2010.zip::v5_Hartwell/v5_1080_pref_kz_1080_p.shp
shapefile	chgis	v5_1080_pref_liz_1080_p	harvard-full/doi_10_7910/DVN/29302/v5_Hartwell_2010.zip::v5_Hartwell/v5_1080_pref_liz_1080_p.shp
shapefile	chgis	v5_1080_pref_lz_1080_p	harvard-full/doi_10_7910/DVN/29302/v5_Hartwell_2010.zip::v5_Hartwell/v5_1080_pref_lz_1080_p.shp
shapefile	chgis	v5_1080_pref_qf_1080_p	harvard-full/doi_10_7910/DVN/29302/v5_Hartwell_2010.zip::v5_Hartwell/v5_1080_pref_qf_1080_p.shp
shapefile	chgis	v5_1080_pref_upd_hbdp	harvard-full/doi_10_7910/DVN/29302/v5_Hartwell_2010.zip::v5_Hartwell/v5_1080_pref_upd_hbdp.shp
shapefile	chgis	v5_1080_pref_yx_1080_p	harvard-full/doi_10_7910/DVN/29302/v5_Hartwell_2010.zip::v5_Hartwell/v5_1080_pref_yx_1080_p.shp
shapefile	chgis	v5_1080_pref_zz_1080_p	harvard-full/doi_10_7910/DVN/29302/v5_Hartwell_2010.zip::v5_Hartwell/v5_1080_pref_zz_1080_p.shp
shapefile	chgis	v5_1200_chin_chn_1200_c	harvard-full/doi_10_7910/DVN/29302/v5_Hartwell_2010.zip::v5_Hartwell/v5_1200_chin_chn_1200_c.shp
shapefile	chgis	v5_1200_chin_chn_1200_l	harvard-full/doi_10_7910/DVN/29302/v5_Hartwell_2010.zip::v5_Hartwell/v5_1200_chin_chn_1200_l.shp
shapefile	chgis	v5_1200_chin_chn_1200_p	harvard-full/doi_10_7910/DVN/29302/v5_Hartwell_2010.zip::v5_Hartwell/v5_1200_chin_chn_1200_p.shp
shapefile	chgis	v5_1200_cnty_cdf_1200_c	harvard-full/doi_10_7910/DVN/29302/v5_Hartwell_2010.zip::v5_Hartwell/v5_1200_cnty_cdf_1200_c.shp
shapefile	chgis	v5_1200_cnty_fj_1200_c	harvard-full/doi_10_7910/DVN/29302/v5_Hartwell_2010.zip::v5_Hartwell/v5_1200_cnty_fj_1200_c.shp
shapefile	chgis	v5_1200_cnty_gnd_1200_c	harvard-full/doi_10_7910/DVN/29302/v5_Hartwell_2010.zip::v5_Hartwell/v5_1200_cnty_gnd_1200_c.shp
shapefile	chgis	v5_1200_cnty_gnx_1200_c	harvard-full/doi_10_7910/DVN/29302/v5_Hartwell_2010.zip::v5_Hartwell/v5_1200_cnty_gnx_1200_c.shp
shapefile	chgis	v5_1200_cnty_hnd_1200_c	harvard-full/doi_10_7910/DVN/29302/v5_Hartwell_2010.zip::v5_Hartwell/v5_1200_cnty_hnd_1200_c.shp
shapefile	chgis	v5_1200_cnty_hnx_1200_c	harvard-full/doi_10_7910/DVN/29302/v5_Hartwell_2010.zip::v5_Hartwell/v5_1200_cnty_hnx_1200_c.shp
shapefile	chgis	v5_1200_cnty_jhb_1200_c	harvard-full/doi_10_7910/DVN/29302/v5_Hartwell_2010.zip::v5_Hartwell/v5_1200_cnty_jhb_1200_c.shp
shapefile	chgis	v5_1200_cnty_jhn_1200_c	harvard-full/doi_10_7910/DVN/29302/v5_Hartwell_2010.zip::v5_Hartwell/v5_1200_cnty_jhn_1200_c.shp
shapefile	chgis	v5_1200_cnty_jnd_1200_c	harvard-full/doi_10_7910/DVN/29302/v5_Hartwell_2010.zip::v5_Hartwell/v5_1200_cnty_jnd_1200_c.shp
shapefile	chgis	v5_1200_cnty_jnx_1200_c	harvard-full/doi_10_7910/DVN/29302/v5_Hartwell_2010.zip::v5_Hartwell/v5_1200_cnty_jnx_1200_c.shp
shapefile	chgis	v5_1200_cnty_jxn_1200_c	harvard-full/doi_10_7910/DVN/29302/v5_Hartwell_2010.zip::v5_Hartwell/v5_1200_cnty_jxn_1200_c.shp
shapefile	chgis	v5_1200_cnty_kz_1200_c	harvard-full/doi_10_7910/DVN/29302/v5_Hartwell_2010.zip::v5_Hartwell/v5_1200_cnty_kz_1200_c.shp
shapefile	chgis	v5_1200_cnty_lz_1200_c	harvard-full/doi_10_7910/DVN/29302/v5_Hartwell_2010.zip::v5_Hartwell/v5_1200_cnty_lz_1200_c.shp
shapefile	chgis	v5_1200_cnty_tcf_1200_c	harvard-full/doi_10_7910/DVN/29302/v5_Hartwell_2010.zip::v5_Hartwell/v5_1200_cnty_tcf_1200_c.shp
shapefile	chgis	v5_1200_cnty_zd_1200_c	harvard-full/doi_10_7910/DVN/29302/v5_Hartwell_2010.zip::v5_Hartwell/v5_1200_cnty_zd_1200_c.shp
shapefile	chgis	v5_1200_cnty_zx_1200_c	harvard-full/doi_10_7910/DVN/29302/v5_Hartwell_2010.zip::v5_Hartwell/v5_1200_cnty_zx_1200_c.shp
shapefile	chgis	v5_1200_chin_chn_1200_c	harvard-full/doi_10_7910/DVN/29302/v5_Hartwell_2010.zip::v5_Hartwell/v5_1200_hartwell_big5.zip::v5_1200_chin_chn_1200_c.shp
shapefile	chgis	v5_1200_chin_chn_1200_l	harvard-full/doi_10_7910/DVN/29302/v5_Hartwell_2010.zip::v5_Hartwell/v5_1200_hartwell_big5.zip::v5_1200_chin_chn_1200_l.shp
shapefile	chgis	v5_1200_chin_chn_1200_p	harvard-full/doi_10_7910/DVN/29302/v5_Hartwell_2010.zip::v5_Hartwell/v5_1200_hartwell_big5.zip::v5_1200_chin_chn_1200_p.shp
shapefile	chgis	v5_1200_indp_dli_1200_c	harvard-full/doi_10_7910/DVN/29302/v5_Hartwell_2010.zip::v5_Hartwell/v5_1200_indp_dli_1200_c.shp
shapefile	chgis	v5_1200_indp_dli_1200_l	harvard-full/doi_10_7910/DVN/29302/v5_Hartwell_2010.zip::v5_Hartwell/v5_1200_indp_dli_1200_l.shp
shapefile	chgis	v5_1200_indp_dli_1200_p	harvard-full/doi_10_7910/DVN/29302/v5_Hartwell_2010.zip::v5_Hartwell/v5_1200_indp_dli_1200_p.shp
shapefile	chgis	v5_1200_indp_liu_1200_c	harvard-full/doi_10_7910/DVN/29302/v5_Hartwell_2010.zip::v5_Hartwell/v5_1200_indp_liu_1200_c.shp
shapefile	chgis	v5_1200_indp_liu_1200_l	harvard-full/doi_10_7910/DVN/29302/v5_Hartwell_2010.zip::v5_Hartwell/v5_1200_indp_liu_1200_l.shp
shapefile	chgis	v5_1200_indp_liu_1200_p	harvard-full/doi_10_7910/DVN/29302/v5_Hartwell_2010.zip::v5_Hartwell/v5_1200_indp_liu_1200_p.shp
shapefile	chgis	v5_1200_indp_mng_1200_c	harvard-full/doi_10_7910/DVN/29302/v5_Hartwell_2010.zip::v5_Hartwell/v5_1200_indp_mng_1200_c.shp
shapefile	chgis	v5_1200_indp_mng_1200_l	harvard-full/doi_10_7910/DVN/29302/v5_Hartwell_2010.zip::v5_Hartwell/v5_1200_indp_mng_1200_l.shp
shapefile	chgis	v5_1200_indp_mng_1200_p	harvard-full/doi_10_7910/DVN/29302/v5_Hartwell_2010.zip::v5_Hartwell/v5_1200_indp_mng_1200_p.shp
shapefile	chgis	v5_1200_indp_qar_1200_c	harvard-full/doi_10_7910/DVN/29302/v5_Hartwell_2010.zip::v5_Hartwell/v5_1200_indp_qar_1200_c.shp
shapefile	chgis	v5_1200_indp_qar_1200_l	harvard-full/doi_10_7910/DVN/29302/v5_Hartwell_2010.zip::v5_Hartwell/v5_1200_indp_qar_1200_l.shp
shapefile	chgis	v5_1200_indp_qar_1200_p	harvard-full/doi_10_7910/DVN/29302/v5_Hartwell_2010.zip::v5_Hartwell/v5_1200_indp_qar_1200_p.shp
shapefile	chgis	v5_1200_indp_tuf_1200_c	harvard-full/doi_10_7910/DVN/29302/v5_Hartwell_2010.zip::v5_Hartwell/v5_1200_indp_tuf_1200_c.shp
shapefile	chgis	v5_1200_indp_tuf_1200_l	harvard-full/doi_10_7910/DVN/29302/v5_Hartwell_2010.zip::v5_Hartwell/v5_1200_indp_tuf_1200_l.shp
shapefile	chgis	v5_1200_indp_tuf_1200_p	harvard-full/doi_10_7910/DVN/29302/v5_Hartwell_2010.zip::v5_Hartwell/v5_1200_indp_tuf_1200_p.shp
shapefile	chgis	v5_1200_indp_xia_1200_c	harvard-full/doi_10_7910/DVN/29302/v5_Hartwell_2010.zip::v5_Hartwell/v5_1200_indp_xia_1200_c.shp
shapefile	chgis	v5_1200_indp_xia_1200_l	harvard-full/doi_10_7910/DVN/29302/v5_Hartwell_2010.zip::v5_Hartwell/v5_1200_indp_xia_1200_l.shp
shapefile	chgis	v5_1200_indp_xia_1200_p	harvard-full/doi_10_7910/DVN/29302/v5_Hartwell_2010.zip::v5_Hartwell/v5_1200_indp_xia_1200_p.shp
shapefile	chgis	v5_1200_jin_cinty_bj_1200_c	harvard-full/doi_10_7910/DVN/29302/v5_Hartwell_2010.zip::v5_Hartwell/v5_1200_jin_cinty_bj_1200_c.shp
shapefile	chgis	v5_1200_jin_cinty_dj_1200_c	harvard-full/doi_10_7910/DVN/29302/v5_Hartwell_2010.zip::v5_Hartwell/v5_1200_jin_cinty_dj_1200_c.shp
shapefile	chgis	v5_1200_jin_cinty_dmf_1200_c	harvard-full/doi_10_7910/DVN/29302/v5_Hartwell_2010.zip::v5_Hartwell/v5_1200_jin_cinty_dmf_1200_c.shp
shapefile	chgis	v5_1200_jin_cinty_fxf_1200_c	harvard-full/doi_10_7910/DVN/29302/v5_Hartwell_2010.zip::v5_Hartwell/v5_1200_jin_cinty_fxf_1200_c.shp
shapefile	chgis	v5_1200_jin_cinty_fy_1200_c	harvard-full/doi_10_7910/DVN/29302/v5_Hartwell_2010.zip::v5_Hartwell/v5_1200_jin_cinty_fy_1200_c.shp
shapefile	chgis	v5_1200_jin_cinty_hbd_1200_c	harvard-full/doi_10_7910/DVN/29302/v5_Hartwell_2010.zip::v5_Hartwell/v5_1200_jin_cinty_hbd_1200_c.shp
shapefile	chgis	v5_1200_jin_cinty_hbx_1200_c	harvard-full/doi_10_7910/DVN/29302/v5_Hartwell_2010.zip::v5_Hartwell/v5_1200_jin_cinty_hbx_1200_c.shp
shapefile	chgis	v5_1200_jin_cinty_hdb_1200_c	harvard-full/doi_10_7910/DVN/29302/v5_Hartwell_2010.zip::v5_Hartwell/v5_1200_jin_cinty_hdb_1200_c.shp
shapefile	chgis	v5_1200_jin_cinty_hdn_1200_c	harvard-full/doi_10_7910/DVN/29302/v5_Hartwell_2010.zip::v5_Hartwell/v5_1200_jin_cinty_hdn_1200_c.shp
shapefile	chgis	v5_1200_jin_cinty_jzf_1200_c	harvard-full/doi_10_7910/DVN/29302/v5_Hartwell_2010.zip::v5_Hartwell/v5_1200_jin_cinty_jzf_1200_c.shp
shapefile	chgis	v5_1200_jin_cinty_lt_1200_c	harvard-full/doi_10_7910/DVN/29302/v5_Hartwell_2010.zip::v5_Hartwell/v5_1200_jin_cinty_lt_1200_c.shp
shapefile	chgis	v5_1200_jin_cinty_nj_1200_c	harvard-full/doi_10_7910/DVN/29302/v5_Hartwell_2010.zip::v5_Hartwell/v5_1200_jin_cinty_nj_1200_c.shp
shapefile	chgis	v5_1200_jin_cinty_qy_1200_c	harvard-full/doi_10_7910/DVN/29302/v5_Hartwell_2010.zip::v5_Hartwell/v5_1200_jin_cinty_qy_1200_c.shp
shapefile	chgis	v5_1200_jin_cinty_sdd_1200_c	harvard-full/doi_10_7910/DVN/29302/v5_Hartwell_2010.zip::v5_Hartwell/v5_1200_jin_cinty_sdd_1200_c.shp
shapefile	chgis	v5_1200_jin_cinty_sdx_1200_c	harvard-full/doi_10_7910/DVN/29302/v5_Hartwell_2010.zip::v5_Hartwell/v5_1200_jin_cinty_sdx_1200_c.shp
shapefile	chgis	v5_1200_jin_cinty_sj_1200_c	harvard-full/doi_10_7910/DVN/29302/v5_Hartwell_2010.zip::v5_Hartwell/v5_1200_jin_cinty_sj_1200_c.shp
shapefile	chgis	v5_1200_jin_cinty_xj_1200_c	harvard-full/doi_10_7910/DVN/29302/v5_Hartwell_2010.zip::v5_Hartwell/v5_1200_jin_cinty_xj_1200_c.shp
shapefile	chgis	v5_1200_jin_cinty_xp_1200_c	harvard-full/doi_10_7910/DVN/29302/v5_Hartwell_2010.zip::v5_Hartwell/v5_1200_jin_cinty_xp_1200_c.shp
shapefile	chgis	v5_1200_jin_cinty_zd_1200_c	harvard-full/doi_10_7910/DVN/29302/v5_Hartwell_2010.zip::v5_Hartwell/v5_1200_jin_cinty_zd_1200_c.shp
shapefile	chgis	v5_1200_jin_circ_bj_1200_l	harvard-full/doi_10_7910/DVN/29302/v5_Hartwell_2010.zip::v5_Hartwell/v5_1200_jin_circ_bj_1200_l.shp
shapefile	chgis	v5_1200_jin_circ_dj_1200_l	harvard-full/doi_10_7910/DVN/29302/v5_Hartwell_2010.zip::v5_Hartwell/v5_1200_jin_circ_dj_1200_l.shp
shapefile	chgis	v5_1200_jin_circ_dmf_1200_l	harvard-full/doi_10_7910/DVN/29302/v5_Hartwell_2010.zip::v5_Hartwell/v5_1200_jin_circ_dmf_1200_l.shp
shapefile	chgis	v5_1200_jin_circ_fxf_1200_l	harvard-full/doi_10_7910/DVN/29302/v5_Hartwell_2010.zip::v5_Hartwell/v5_1200_jin_circ_fxf_1200_l.shp
shapefile	chgis	v5_1200_jin_circ_fy_1200_l	harvard-full/doi_10_7910/DVN/29302/v5_Hartwell_2010.zip::v5_Hartwell/v5_1200_jin_circ_fy_1200_l.shp
shapefile	chgis	v5_1200_jin_circ_hbd_1200_l	harvard-full/doi_10_7910/DVN/29302/v5_Hartwell_2010.zip::v5_Hartwell/v5_1200_jin_circ_hbd_1200_l.shp
shapefile	chgis	v5_1200_jin_circ_hbx_1200_l	harvard-full/doi_10_7910/DVN/29302/v5_Hartwell_2010.zip::v5_Hartwell/v5_1200_jin_circ_hbx_1200_l.shp
shapefile	chgis	v5_1200_jin_circ_hdb_1200_l	harvard-full/doi_10_7910/DVN/29302/v5_Hartwell_2010.zip::v5_Hartwell/v5_1200_jin_circ_hdb_1200_l.shp
shapefile	chgis	v5_1200_jin_circ_hdn_1200_l	harvard-full/doi_10_7910/DVN/29302/v5_Hartwell_2010.zip::v5_Hartwell/v5_1200_jin_circ_hdn_1200_l.shp
shapefile	chgis	v5_1200_jin_circ_jzf_1200_l	harvard-full/doi_10_7910/DVN/29302/v5_Hartwell_2010.zip::v5_Hartwell/v5_1200_jin_circ_jzf_1200_l.shp
shapefile	chgis	v5_1200_jin_circ_lt_1200_l	harvard-full/doi_10_7910/DVN/29302/v5_Hartwell_2010.zip::v5_Hartwell/v5_1200_jin_circ_lt_1200_l.shp
shapefile	chgis	v5_1200_jin_circ_nj_1200_l	harvard-full/doi_10_7910/DVN/29302/v5_Hartwell_2010.zip::v5_Hartwell/v5_1200_jin_circ_nj_1200_l.shp
shapefile	chgis	v5_1200_jin_circ_qy_1200_l	harvard-full/doi_10_7910/DVN/29302/v5_Hartwell_2010.zip::v5_Hartwell/v5_1200_jin_circ_qy_1200_l.shp
shapefile	chgis	v5_1200_jin_circ_sdd_1200_l	harvard-full/doi_10_7910/DVN/29302/v5_Hartwell_2010.zip::v5_Hartwell/v5_1200_jin_circ_sdd_1200_l.shp
shapefile	chgis	v5_1200_jin_circ_sdx_1200_l	harvard-full/doi_10_7910/DVN/29302/v5_Hartwell_2010.zip::v5_Hartwell/v5_1200_jin_circ_sdx_1200_l.shp
shapefile	chgis	v5_1200_jin_circ_sj_1200_l	harvard-full/doi_10_7910/DVN/29302/v5_Hartwell_2010.zip::v5_Hartwell/v5_1200_jin_circ_sj_1200_l.shp
shapefile	chgis	v5_1200_jin_circ_xj_1200_l	harvard-full/doi_10_7910/DVN/29302/v5_Hartwell_2010.zip::v5_Hartwell/v5_1200_jin_circ_xj_1200_l.shp
shapefile	chgis	v5_1200_jin_circ_xp_1200_l	harvard-full/doi_10_7910/DVN/29302/v5_Hartwell_2010.zip::v5_Hartwell/v5_1200_jin_circ_xp_1200_l.shp
shapefile	chgis	v5_1200_jin_circ_zd_1200_l	harvard-full/doi_10_7910/DVN/29302/v5_Hartwell_2010.zip::v5_Hartwell/v5_1200_jin_circ_zd_1200_l.shp
shapefile	chgis	v5_1200_jin_jin_1200	harvard-full/doi_10_7910/DVN/29302/v5_Hartwell_2010.zip::v5_Hartwell/v5_1200_jin_jin_1200.shp
shapefile	chgis	v5_1200_jin_pref_bj_1200_p	harvard-full/doi_10_7910/DVN/29302/v5_Hartwell_2010.zip::v5_Hartwell/v5_1200_jin_pref_bj_1200_p.shp
shapefile	chgis	v5_1200_jin_pref_dj_1200_p	harvard-full/doi_10_7910/DVN/29302/v5_Hartwell_2010.zip::v5_Hartwell/v5_1200_jin_pref_dj_1200_p.shp
shapefile	chgis	v5_1200_jin_pref_dmf_1200_p	harvard-full/doi_10_7910/DVN/29302/v5_Hartwell_2010.zip::v5_Hartwell/v5_1200_jin_pref_dmf_1200_p.shp
shapefile	chgis	v5_1200_jin_pref_fxf_1200_p	harvard-full/doi_10_7910/DVN/29302/v5_Hartwell_2010.zip::v5_Hartwell/v5_1200_jin_pref_fxf_1200_p.shp
shapefile	chgis	v5_1200_jin_pref_fy_1200_p	harvard-full/doi_10_7910/DVN/29302/v5_Hartwell_2010.zip::v5_Hartwell/v5_1200_jin_pref_fy_1200_p.shp
shapefile	chgis	v5_1200_jin_pref_hbd_1200_p	harvard-full/doi_10_7910/DVN/29302/v5_Hartwell_2010.zip::v5_Hartwell/v5_1200_jin_pref_hbd_1200_p.shp
shapefile	chgis	v5_1200_jin_pref_hbx_1200_p	harvard-full/doi_10_7910/DVN/29302/v5_Hartwell_2010.zip::v5_Hartwell/v5_1200_jin_pref_hbx_1200_p.shp
shapefile	chgis	v5_1200_jin_pref_hdb_1200_p	harvard-full/doi_10_7910/DVN/29302/v5_Hartwell_2010.zip::v5_Hartwell/v5_1200_jin_pref_hdb_1200_p.shp
shapefile	chgis	v5_1200_jin_pref_hdn_1200_p	harvard-full/doi_10_7910/DVN/29302/v5_Hartwell_2010.zip::v5_Hartwell/v5_1200_jin_pref_hdn_1200_p.shp
shapefile	chgis	v5_1200_jin_pref_jzf_1200_p	harvard-full/doi_10_7910/DVN/29302/v5_Hartwell_2010.zip::v5_Hartwell/v5_1200_jin_pref_jzf_1200_p.shp
shapefile	chgis	v5_1200_jin_pref_lt_1200_p	harvard-full/doi_10_7910/DVN/29302/v5_Hartwell_2010.zip::v5_Hartwell/v5_1200_jin_pref_lt_1200_p.shp
shapefile	chgis	v5_1200_jin_pref_nj_1200_p	harvard-full/doi_10_7910/DVN/29302/v5_Hartwell_2010.zip::v5_Hartwell/v5_1200_jin_pref_nj_1200_p.shp
shapefile	chgis	v5_1200_jin_pref_qy_1200_p	harvard-full/doi_10_7910/DVN/29302/v5_Hartwell_2010.zip::v5_Hartwell/v5_1200_jin_pref_qy_1200_p.shp
shapefile	chgis	v5_1200_jin_pref_sdd_1200_p	harvard-full/doi_10_7910/DVN/29302/v5_Hartwell_2010.zip::v5_Hartwell/v5_1200_jin_pref_sdd_1200_p.shp
shapefile	chgis	v5_1200_jin_pref_sdx_1200_p	harvard-full/doi_10_7910/DVN/29302/v5_Hartwell_2010.zip::v5_Hartwell/v5_1200_jin_pref_sdx_1200_p.shp
shapefile	chgis	v5_1200_jin_pref_sj_1200_p	harvard-full/doi_10_7910/DVN/29302/v5_Hartwell_2010.zip::v5_Hartwell/v5_1200_jin_pref_sj_1200_p.shp
shapefile	chgis	v5_1200_jin_pref_xj_1200_p	harvard-full/doi_10_7910/DVN/29302/v5_Hartwell_2010.zip::v5_Hartwell/v5_1200_jin_pref_xj_1200_p.shp
shapefile	chgis	v5_1200_jin_pref_xp_1200_p	harvard-full/doi_10_7910/DVN/29302/v5_Hartwell_2010.zip::v5_Hartwell/v5_1200_jin_pref_xp_1200_p.shp
shapefile	chgis	v5_1200_jin_pref_zd_1200_p	harvard-full/doi_10_7910/DVN/29302/v5_Hartwell_2010.zip::v5_Hartwell/v5_1200_jin_pref_zd_1200_p.shp
shapefile	chgis	v5_1200_pref_cdf_1200_p	harvard-full/doi_10_7910/DVN/29302/v5_Hartwell_2010.zip::v5_Hartwell/v5_1200_pref_cdf_1200_p.shp
shapefile	chgis	v5_1200_pref_fj_1200_p	harvard-full/doi_10_7910/DVN/29302/v5_Hartwell_2010.zip::v5_Hartwell/v5_1200_pref_fj_1200_p.shp
shapefile	chgis	v5_1200_pref_gnd_1200_p	harvard-full/doi_10_7910/DVN/29302/v5_Hartwell_2010.zip::v5_Hartwell/v5_1200_pref_gnd_1200_p.shp
shapefile	chgis	v5_1200_pref_gnx_1200_p	harvard-full/doi_10_7910/DVN/29302/v5_Hartwell_2010.zip::v5_Hartwell/v5_1200_pref_gnx_1200_p.shp
shapefile	chgis	v5_1200_pref_hnd_1200_p	harvard-full/doi_10_7910/DVN/29302/v5_Hartwell_2010.zip::v5_Hartwell/v5_1200_pref_hnd_1200_p.shp
shapefile	chgis	v5_1200_pref_hnx_1200_p	harvard-full/doi_10_7910/DVN/29302/v5_Hartwell_2010.zip::v5_Hartwell/v5_1200_pref_hnx_1200_p.shp
shapefile	chgis	v5_1200_pref_jhb_1200_p	harvard-full/doi_10_7910/DVN/29302/v5_Hartwell_2010.zip::v5_Hartwell/v5_1200_pref_jhb_1200_p.shp
shapefile	chgis	v5_1200_pref_jhn_1200_p	harvard-full/doi_10_7910/DVN/29302/v5_Hartwell_2010.zip::v5_Hartwell/v5_1200_pref_jhn_1200_p.shp
shapefile	chgis	v5_1200_pref_jnd_1200_p	harvard-full/doi_10_7910/DVN/29302/v5_Hartwell_2010.zip::v5_Hartwell/v5_1200_pref_jnd_1200_p.shp
shapefile	chgis	v5_1200_pref_jnx_1200_p	harvard-full/doi_10_7910/DVN/29302/v5_Hartwell_2010.zip::v5_Hartwell/v5_1200_pref_jnx_1200_p.shp
shapefile	chgis	v5_1200_pref_jxn_1200_p	harvard-full/doi_10_7910/DVN/29302/v5_Hartwell_2010.zip::v5_Hartwell/v5_1200_pref_jxn_1200_p.shp
shapefile	chgis	v5_1200_pref_kz_1200_p	harvard-full/doi_10_7910/DVN/29302/v5_Hartwell_2010.zip::v5_Hartwell/v5_1200_pref_kz_1200_p.shp
shapefile	chgis	v5_1200_pref_lz_1200_p	harvard-full/doi_10_7910/DVN/29302/v5_Hartwell_2010.zip::v5_Hartwell/v5_1200_pref_lz_1200_p.shp
shapefile	chgis	v5_1200_pref_tcf_1200_p	harvard-full/doi_10_7910/DVN/29302/v5_Hartwell_2010.zip::v5_Hartwell/v5_1200_pref_tcf_1200_p.shp
shapefile	chgis	v5_1200_pref_zd_1200_p	harvard-full/doi_10_7910/DVN/29302/v5_Hartwell_2010.zip::v5_Hartwell/v5_1200_pref_zd_1200_p.shp
shapefile	chgis	v5_1200_pref_zx_1200_p	harvard-full/doi_10_7910/DVN/29302/v5_Hartwell_2010.zip::v5_Hartwell/v5_1200_pref_zx_1200_p.shp
shapefile	chgis	v5_1290_chin_chn_1290_c	harvard-full/doi_10_7910/DVN/29302/v5_Hartwell_2010.zip::v5_Hartwell/v5_1290_chin_chn_1290_c.shp
shapefile	chgis	v5_1290_chin_chn_1290_l	harvard-full/doi_10_7910/DVN/29302/v5_Hartwell_2010.zip::v5_Hartwell/v5_1290_chin_chn_1290_l.shp
shapefile	chgis	v5_1290_chin_chn_1290_s	harvard-full/doi_10_7910/DVN/29302/v5_Hartwell_2010.zip::v5_Hartwell/v5_1290_chin_chn_1290_s.shp
shapefile	chgis	v5_1290_circ_bei_1290_l	harvard-full/doi_10_7910/DVN/29302/v5_Hartwell_2010.zip::v5_Hartwell/v5_1290_circ_bei_1290_l.shp
shapefile	chgis	v5_1290_circ_ckn_1290_l	harvard-full/doi_10_7910/DVN/29302/v5_Hartwell_2010.zip::v5_Hartwell/v5_1290_circ_ckn_1290_l.shp
shapefile	chgis	v5_1290_circ_gs_1290_l	harvard-full/doi_10_7910/DVN/29302/v5_Hartwell_2010.zip::v5_Hartwell/v5_1290_circ_gs_1290_l.shp
shapefile	chgis	v5_1290_circ_ham_1290_l	harvard-full/doi_10_7910/DVN/29302/v5_Hartwell_2010.zip::v5_Hartwell/v5_1290_circ_ham_1290_l.shp
shapefile	chgis	v5_1290_circ_haz_1290_l	harvard-full/doi_10_7910/DVN/29302/v5_Hartwell_2010.zip::v5_Hartwell/v5_1290_circ_haz_1290_l.shp
shapefile	chgis	v5_1290_circ_hg_1290_l	harvard-full/doi_10_7910/DVN/29302/v5_Hartwell_2010.zip::v5_Hartwell/v5_1290_circ_hg_1290_l.shp
shapefile	chgis	v5_1290_circ_hn_1290_l	harvard-full/doi_10_7910/DVN/29302/v5_Hartwell_2010.zip::v5_Hartwell/v5_1290_circ_hn_1290_l.shp
shapefile	chgis	v5_1290_circ_jx_1290_l	harvard-full/doi_10_7910/DVN/29302/v5_Hartwell_2010.zip::v5_Hartwell/v5_1290_circ_jx_1290_l.shp
shapefile	chgis	v5_1290_circ_jz_1290_l	harvard-full/doi_10_7910/DVN/29302/v5_Hartwell_2010.zip::v5_Hartwell/v5_1290_circ_jz_1290_l.shp
shapefile	chgis	v5_1290_circ_lb_1290_l	harvard-full/doi_10_7910/DVN/29302/v5_Hartwell_2010.zip::v5_Hartwell/v5_1290_circ_lb_1290_l.shp
shapefile	chgis	v5_1290_circ_ly_1290_l	harvard-full/doi_10_7910/DVN/29302/v5_Hartwell_2010.zip::v5_Hartwell/v5_1290_circ_ly_1290_l.shp
shapefile	chgis	v5_1290_circ_si_1290_l	harvard-full/doi_10_7910/DVN/29302/v5_Hartwell_2010.zip::v5_Hartwell/v5_1290_circ_si_1290_l.shp
shapefile	chgis	v5_1290_circ_sx_1290_l	harvard-full/doi_10_7910/DVN/29302/v5_Hartwell_2010.zip::v5_Hartwell/v5_1290_circ_sx_1290_l.shp
shapefile	chgis	v5_1290_circ_tai_1290_l	harvard-full/doi_10_7910/DVN/29302/v5_Hartwell_2010.zip::v5_Hartwell/v5_1290_circ_tai_1290_l.shp
shapefile	chgis	v5_1290_circ_xz_1200_l	harvard-full/doi_10_7910/DVN/29302/v5_Hartwell_2010.zip::v5_Hartwell/v5_1290_circ_xz_1200_l.shp
shapefile	chgis	v5_1290_circ_yn_1290_l	harvard-full/doi_10_7910/DVN/29302/v5_Hartwell_2010.zip::v5_Hartwell/v5_1290_circ_yn_1290_l.shp
shapefile	chgis	v5_1290_circ_zs_1290_l	harvard-full/doi_10_7910/DVN/29302/v5_Hartwell_2010.zip::v5_Hartwell/v5_1290_circ_zs_1290_l.shp
shapefile	chgis	v5_1290_cnty_bei_1290_c	harvard-full/doi_10_7910/DVN/29302/v5_Hartwell_2010.zip::v5_Hartwell/v5_1290_cnty_bei_1290_c.shp
shapefile	chgis	v5_1290_cnty_ckn_1290_c	harvard-full/doi_10_7910/DVN/29302/v5_Hartwell_2010.zip::v5_Hartwell/v5_1290_cnty_ckn_1290_c.shp
shapefile	chgis	v5_1290_cnty_gs_1290_c	harvard-full/doi_10_7910/DVN/29302/v5_Hartwell_2010.zip::v5_Hartwell/v5_1290_cnty_gs_1290_c.shp
shapefile	chgis	v5_1290_cnty_ham_1290_c	harvard-full/doi_10_7910/DVN/29302/v5_Hartwell_2010.zip::v5_Hartwell/v5_1290_cnty_ham_1290_c.shp
shapefile	chgis	v5_1290_cnty_haz_1290_c	harvard-full/doi_10_7910/DVN/29302/v5_Hartwell_2010.zip::v5_Hartwell/v5_1290_cnty_haz_1290_c.shp
shapefile	chgis	v5_1290_cnty_hg_1290_c	harvard-full/doi_10_7910/DVN/29302/v5_Hartwell_2010.zip::v5_Hartwell/v5_1290_cnty_hg_1290_c.shp
shapefile	chgis	v5_1290_cnty_hn_1290_c	harvard-full/doi_10_7910/DVN/29302/v5_Hartwell_2010.zip::v5_Hartwell/v5_1290_cnty_hn_1290_c.shp
shapefile	chgis	v5_1290_cnty_jx_1290_c	harvard-full/doi_10_7910/DVN/29302/v5_Hartwell_2010.zip::v5_Hartwell/v5_1290_cnty_jx_1290_c.shp
shapefile	chgis	v5_1290_cnty_jz_1290_c	harvard-full/doi_10_7910/DVN/29302/v5_Hartwell_2010.zip::v5_Hartwell/v5_1290_cnty_jz_1290_c.shp
shapefile	chgis	v5_1290_cnty_lb_1290_c	harvard-full/doi_10_7910/DVN/29302/v5_Hartwell_2010.zip::v5_Hartwell/v5_1290_cnty_lb_1290_c.shp
shapefile	chgis	v5_1290_cnty_ly_1290_c	harvard-full/doi_10_7910/DVN/29302/v5_Hartwell_2010.zip::v5_Hartwell/v5_1290_cnty_ly_1290_c.shp
shapefile	chgis	v5_1290_cnty_si_1290_c	harvard-full/doi_10_7910/DVN/29302/v5_Hartwell_2010.zip::v5_Hartwell/v5_1290_cnty_si_1290_c.shp
shapefile	chgis	v5_1290_cnty_sx_1290_c	harvard-full/doi_10_7910/DVN/29302/v5_Hartwell_2010.zip::v5_Hartwell/v5_1290_cnty_sx_1290_c.shp
shapefile	chgis	v5_1290_cnty_tai_1290_c	harvard-full/doi_10_7910/DVN/29302/v5_Hartwell_2010.zip::v5_Hartwell/v5_1290_cnty_tai_1290_c.shp
shapefile	chgis	v5_1290_cnty_xz_1200_c	harvard-full/doi_10_7910/DVN/29302/v5_Hartwell_2010.zip::v5_Hartwell/v5_1290_cnty_xz_1200_c.shp
shapefile	chgis	v5_1290_cnty_yn_1290_c	harvard-full/doi_10_7910/DVN/29302/v5_Hartwell_2010.zip::v5_Hartwell/v5_1290_cnty_yn_1290_c.shp
shapefile	chgis	v5_1290_cnty_zs_1290_c	harvard-full/doi_10_7910/DVN/29302/v5_Hartwell_2010.zip::v5_Hartwell/v5_1290_cnty_zs_1290_c.shp
shapefile	chgis	v5_1290_prov_bei_1290_s	harvard-full/doi_10_7910/DVN/29302/v5_Hartwell_2010.zip::v5_Hartwell/v5_1290_prov_bei_1290_s.shp
shapefile	chgis	v5_1290_prov_ckn_1290_s	harvard-full/doi_10_7910/DVN/29302/v5_Hartwell_2010.zip::v5_Hartwell/v5_1290_prov_ckn_1290_s.shp
shapefile	chgis	v5_1290_prov_gs_1290_s	harvard-full/doi_10_7910/DVN/29302/v5_Hartwell_2010.zip::v5_Hartwell/v5_1290_prov_gs_1290_s.shp
shapefile	chgis	v5_1290_prov_ham_1290_s	harvard-full/doi_10_7910/DVN/29302/v5_Hartwell_2010.zip::v5_Hartwell/v5_1290_prov_ham_1290_s.shp
shapefile	chgis	v5_1290_prov_haz_1290_s	harvard-full/doi_10_7910/DVN/29302/v5_Hartwell_2010.zip::v5_Hartwell/v5_1290_prov_haz_1290_s.shp
shapefile	chgis	v5_1290_prov_hg_1290_s	harvard-full/doi_10_7910/DVN/29302/v5_Hartwell_2010.zip::v5_Hartwell/v5_1290_prov_hg_1290_s.shp
shapefile	chgis	v5_1290_prov_hn_1290_s	harvard-full/doi_10_7910/DVN/29302/v5_Hartwell_2010.zip::v5_Hartwell/v5_1290_prov_hn_1290_s.shp
shapefile	chgis	v5_1290_prov_jx_1290_s	harvard-full/doi_10_7910/DVN/29302/v5_Hartwell_2010.zip::v5_Hartwell/v5_1290_prov_jx_1290_s.shp
shapefile	chgis	v5_1290_prov_jz_1290_s	harvard-full/doi_10_7910/DVN/29302/v5_Hartwell_2010.zip::v5_Hartwell/v5_1290_prov_jz_1290_s.shp
shapefile	chgis	v5_1290_prov_lb_1290_s	harvard-full/doi_10_7910/DVN/29302/v5_Hartwell_2010.zip::v5_Hartwell/v5_1290_prov_lb_1290_s.shp
shapefile	chgis	v5_1290_prov_ly_1290_s	harvard-full/doi_10_7910/DVN/29302/v5_Hartwell_2010.zip::v5_Hartwell/v5_1290_prov_ly_1290_s.shp
shapefile	chgis	v5_1290_prov_si_1290_s	harvard-full/doi_10_7910/DVN/29302/v5_Hartwell_2010.zip::v5_Hartwell/v5_1290_prov_si_1290_s.shp
shapefile	chgis	v5_1290_prov_sx_1290_s	harvard-full/doi_10_7910/DVN/29302/v5_Hartwell_2010.zip::v5_Hartwell/v5_1290_prov_sx_1290_s.shp
shapefile	chgis	v5_1290_prov_tai_1290_s	harvard-full/doi_10_7910/DVN/29302/v5_Hartwell_2010.zip::v5_Hartwell/v5_1290_prov_tai_1290_s.shp
shapefile	chgis	v5_1290_prov_xz_1200s	harvard-full/doi_10_7910/DVN/29302/v5_Hartwell_2010.zip::v5_Hartwell/v5_1290_prov_xz_1200s.shp
shapefile	chgis	v5_1290_prov_yn_1290_s	harvard-full/doi_10_7910/DVN/29302/v5_Hartwell_2010.zip::v5_Hartwell/v5_1290_prov_yn_1290_s.shp
shapefile	chgis	v5_1290_prov_zs_1290_s	harvard-full/doi_10_7910/DVN/29302/v5_Hartwell_2010.zip::v5_Hartwell/v5_1290_prov_zs_1290_s.shp
shapefile	chgis	v5_1391_chin_chn_1391_c	harvard-full/doi_10_7910/DVN/29302/v5_Hartwell_2010.zip::v5_Hartwell/v5_1391_chin_chn_1391_c.shp
shapefile	chgis	v5_1391_chin_chn_1391_p	harvard-full/doi_10_7910/DVN/29302/v5_Hartwell_2010.zip::v5_Hartwell/v5_1391_chin_chn_1391_p.shp
shapefile	chgis	v5_1391_chin_chn_1391_s	harvard-full/doi_10_7910/DVN/29302/v5_Hartwell_2010.zip::v5_Hartwell/v5_1391_chin_chn_1391_s.shp
shapefile	chgis	v5_1391_cnty_hn_1391_c	harvard-full/doi_10_7910/DVN/29302/v5_Hartwell_2010.zip::v5_Hartwell/v5_1391_cnty_hn_1391_c.shp
shapefile	chgis	v5_1391_cnty_js_1391_c	harvard-full/doi_10_7910/DVN/29302/v5_Hartwell_2010.zip::v5_Hartwell/v5_1391_cnty_js_1391_c.shp
shapefile	chgis	v5_1391_cnty_ld_1391_c	harvard-full/doi_10_7910/DVN/29302/v5_Hartwell_2010.zip::v5_Hartwell/v5_1391_cnty_ld_1391_c.shp
shapefile	chgis	v5_1391_cnty_neg_1391_c	harvard-full/doi_10_7910/DVN/29302/v5_Hartwell_2010.zip::v5_Hartwell/v5_1391_cnty_neg_1391_c.shp
shapefile	chgis	v5_1391_cnty_nj_1391_c	harvard-full/doi_10_7910/DVN/29302/v5_Hartwell_2010.zip::v5_Hartwell/v5_1391_cnty_nj_1391_c.shp
shapefile	chgis	v5_1391_cnty_sa_1391_c	harvard-full/doi_10_7910/DVN/29302/v5_Hartwell_2010.zip::v5_Hartwell/v5_1391_cnty_sa_1391_c.shp
shapefile	chgis	v5_1391_cnty_sd_1391_c	harvard-full/doi_10_7910/DVN/29302/v5_Hartwell_2010.zip::v5_Hartwell/v5_1391_cnty_sd_1391_c.shp
shapefile	chgis	v5_1391_cnty_sx_1391_c	harvard-full/doi_10_7910/DVN/29302/v5_Hartwell_2010.zip::v5_Hartwell/v5_1391_cnty_sx_1391_c.shp
shapefile	chgis	v5_1391_cnty_zd_1391_c	harvard-full/doi_10_7910/DVN/29302/v5_Hartwell_2010.zip::v5_Hartwell/v5_1391_cnty_zd_1391_c.shp
shapefile	chgis	v5_1391_cnty_zlz_1391_c	harvard-full/doi_10_7910/DVN/29302/v5_Hartwell_2010.zip::v5_Hartwell/v5_1391_cnty_zlz_1391_c.shp
shapefile	chgis	v5_1391_pref_dd_1391_p	harvard-full/doi_10_7910/DVN/29302/v5_Hartwell_2010.zip::v5_Hartwell/v5_1391_pref_dd_1391_p.shp
shapefile	chgis	v5_1391_pref_dg_1391_p	harvard-full/doi_10_7910/DVN/29302/v5_Hartwell_2010.zip::v5_Hartwell/v5_1391_pref_dg_1391_p.shp
shapefile	chgis	v5_1391_pref_dl_1391_p	harvard-full/doi_10_7910/DVN/29302/v5_Hartwell_2010.zip::v5_Hartwell/v5_1391_pref_dl_1391_p.shp
shapefile	chgis	v5_1391_pref_fj_1391_p	harvard-full/doi_10_7910/DVN/29302/v5_Hartwell_2010.zip::v5_Hartwell/v5_1391_pref_fj_1391_p.shp
shapefile	chgis	v5_1391_pref_gd_1391_p	harvard-full/doi_10_7910/DVN/29302/v5_Hartwell_2010.zip::v5_Hartwell/v5_1391_pref_gd_1391_p.shp
shapefile	chgis	v5_1391_pref_gx_1391_p	harvard-full/doi_10_7910/DVN/29302/v5_Hartwell_2010.zip::v5_Hartwell/v5_1391_pref_gx_1391_p.shp
shapefile	chgis	v5_1391_pref_gz_1391_p	harvard-full/doi_10_7910/DVN/29302/v5_Hartwell_2010.zip::v5_Hartwell/v5_1391_pref_gz_1391_p.shp
shapefile	chgis	v5_1391_pref_hg_1391_p	harvard-full/doi_10_7910/DVN/29302/v5_Hartwell_2010.zip::v5_Hartwell/v5_1391_pref_hg_1391_p.shp
shapefile	chgis	v5_1391_pref_hn_1391_p	harvard-full/doi_10_7910/DVN/29302/v5_Hartwell_2010.zip::v5_Hartwell/v5_1391_pref_hn_1391_p.shp
shapefile	chgis	v5_1391_pref_js_1391_p	harvard-full/doi_10_7910/DVN/29302/v5_Hartwell_2010.zip::v5_Hartwell/v5_1391_pref_js_1391_p.shp
shapefile	chgis	v5_1391_pref_jx_1391_p	harvard-full/doi_10_7910/DVN/29302/v5_Hartwell_2010.zip::v5_Hartwell/v5_1391_pref_jx_1391_p.shp
shapefile	chgis	v5_1391_pref_ld_1391_p	harvard-full/doi_10_7910/DVN/29302/v5_Hartwell_2010.zip::v5_Hartwell/v5_1391_pref_ld_1391_p.shp
shapefile	chgis	v5_1391_pref_ned_1391_p	harvard-full/doi_10_7910/DVN/29302/v5_Hartwell_2010.zip::v5_Hartwell/v5_1391_pref_ned_1391_p.shp
shapefile	chgis	v5_1391_pref_nj_1391_p	harvard-full/doi_10_7910/DVN/29302/v5_Hartwell_2010.zip::v5_Hartwell/v5_1391_pref_nj_1391_p.shp
shapefile	chgis	v5_1391_pref_sa_1391_p	harvard-full/doi_10_7910/DVN/29302/v5_Hartwell_2010.zip::v5_Hartwell/v5_1391_pref_sa_1391_p.shp
shapefile	chgis	v5_1391_pref_sd_1391_p	harvard-full/doi_10_7910/DVN/29302/v5_Hartwell_2010.zip::v5_Hartwell/v5_1391_pref_sd_1391_p.shp
shapefile	chgis	v5_1391_pref_si_1391_p	harvard-full/doi_10_7910/DVN/29302/v5_Hartwell_2010.zip::v5_Hartwell/v5_1391_pref_si_1391_p.shp
shapefile	chgis	v5_1391_pref_sx_1391_p	harvard-full/doi_10_7910/DVN/29302/v5_Hartwell_2010.zip::v5_Hartwell/v5_1391_pref_sx_1391_p.shp
shapefile	chgis	v5_1391_pref_tf_1391_p	harvard-full/doi_10_7910/DVN/29302/v5_Hartwell_2010.zip::v5_Hartwell/v5_1391_pref_tf_1391_p.shp
shapefile	chgis	v5_1391_pref_tw_1391_p	harvard-full/doi_10_7910/DVN/29302/v5_Hartwell_2010.zip::v5_Hartwell/v5_1391_pref_tw_1391_p.shp
shapefile	chgis	v5_1391_pref_wsx_1391_p	harvard-full/doi_10_7910/DVN/29302/v5_Hartwell_2010.zip::v5_Hartwell/v5_1391_pref_wsx_1391_p.shp
shapefile	chgis	v5_1391_pref_yl_1391_p	harvard-full/doi_10_7910/DVN/29302/v5_Hartwell_2010.zip::v5_Hartwell/v5_1391_pref_yl_1391_p.shp
shapefile	chgis	v5_1391_pref_yn_1391_p	harvard-full/doi_10_7910/DVN/29302/v5_Hartwell_2010.zip::v5_Hartwell/v5_1391_pref_yn_1391_p.shp
shapefile	chgis	v5_1391_pref_zd_1391_p	harvard-full/doi_10_7910/DVN/29302/v5_Hartwell_2010.zip::v5_Hartwell/v5_1391_pref_zd_1391_p.shp
shapefile	chgis	v5_1391_pref_zj_1391_p	harvard-full/doi_10_7910/DVN/29302/v5_Hartwell_2010.zip::v5_Hartwell/v5_1391_pref_zj_1391_p.shp
shapefile	chgis	v5_1391_pref_zlz_1391_p	harvard-full/doi_10_7910/DVN/29302/v5_Hartwell_2010.zip::v5_Hartwell/v5_1391_pref_zlz_1391_p.shp
shapefile	chgis	v5_1900_cnty_1990	harvard-full/doi_10_7910/DVN/29302/v5_Hartwell_2010.zip::v5_Hartwell/v5_1900_cnty_1990.shp
shapefile	chgis	jp_dmyo_1664	harvard-full/doi_10_7910/DVN/2CVTR0/jp_toku_dmyo_pgn.ZIP::jp_dmyo_1664.shp
shapefile	chgis	jp_toku_dmyo_pts	harvard-full/doi_10_7910/DVN/2CVTR0/jp_toku_dmyo_pts.ZIP::jp_toku_dmyo_pts.shp
shapefile	chgis	jp_toku_doo_pgn	harvard-full/doi_10_7910/DVN/2CVTR0/jp_toku_doo_pgn.ZIP::jp_toku_doo_pgn.shp
shapefile	chgis	jp_toku_kuni_pgn	harvard-full/doi_10_7910/DVN/2CVTR0/jp_toku_kuni_pgn.ZIP::jp_toku_kuni_pgn.shp
shapefile	chgis	Ming_Garrisons	harvard-full/doi_10_7910/DVN/5RUXK8/Ming_Garrisons.zip::Ming_Garrisons.shp
shapefile	chgis	ca1884_przh_1251	harvard-full/doi_10_7910/DVN/ABPR9F/1884_xinjiang_qinghai.zip::4_1884_xinjiang_qinghai/ca1884_przh_1251.shp
shapefile	chgis	ca1884_przh_utf8	harvard-full/doi_10_7910/DVN/ABPR9F/1884_xinjiang_qinghai.zip::4_1884_xinjiang_qinghai/ca1884_przh_utf8.shp
shapefile	chgis	Ca1884route_przh_1251	harvard-full/doi_10_7910/DVN/E7HDYD/1884route.zip::5_1884route/Ca1884route_przh_1251.shp
shapefile	chgis	Ca1884route_przh_utf8	harvard-full/doi_10_7910/DVN/E7HDYD/1884route.zip::5_1884route/Ca1884route_przh_utf8.shp
shapefile	chgis	tib19pdb	harvard-full/doi_10_7910/DVN/ELTD3L/RAS_1900_pdb2_gis.ZIP::tib19pdb.shp
shapefile	chgis	mk1899_koz_utf8	harvard-full/doi_10_7910/DVN/G9RKCW/mk1899_Kozlov_Monglia_Kam.zip::mk1899_koz_utf8.shp
shapefile	chgis	mk1899_koz_1251	harvard-full/doi_10_7910/DVN/G9RKCW/mk1899_Kozlov_Monglia_Kam.zip::mk1899_koz_1251.shp
shapefile	chgis	v6_1911_cnty_pgn_utf	harvard-full/doi_10_7910/DVN/HHVVHX/v6_1911_cnty_pgn_utf.zip::v6_1911_cnty_pgn_utf.shp
shapefile	chgis	v6_1911_cnty_pts_utf	harvard-full/doi_10_7910/DVN/HHVVHX/v6_1911_cnty_pts_utf.zip::v6_1911_cnty_pts_utf.shp
shapefile	chgis	v6_1911_pref_pgn_utf	harvard-full/doi_10_7910/DVN/HHVVHX/v6_1911_pref_pgn_utf.zip::v6_1911_pref_pgn_utf.shp
shapefile	chgis	v6_1911_pref_pts_utf	harvard-full/doi_10_7910/DVN/HHVVHX/v6_1911_pref_pts_utf.zip::v6_1911_pref_pts_utf.shp
shapefile	chgis	v6_1911_prov_pgn_utf	harvard-full/doi_10_7910/DVN/HHVVHX/v6_1911_prov_pgn_utf.zip::v6_1911_prov_pgn_utf.shp
shapefile	chgis	v6_1911_prov_pts_utf	harvard-full/doi_10_7910/DVN/HHVVHX/v6_1911_prov_pts_utf.zip::v6_1911_prov_pts_utf.shp
shapefile	chgis	v6_1911_twn_pts_utf	harvard-full/doi_10_7910/DVN/HHVVHX/v6_1911_twn_pts_utf.zip::v6_1911_twn_pts_utf.shp
shapefile	chgis	chgis_tmpl_pts	harvard-full/doi_10_7910/DVN/HIMIVE/V3_Data_Archive.zip::shapefiles/chgis_tmpl_pts_utf.ZIP::chgis_tmpl_pts.shp
shapefile	chgis	citas90_cnty_pgn	harvard-full/doi_10_7910/DVN/HIMIVE/V3_Data_Archive.zip::shapefiles/citas90_cnty_pgn.ZIP::citas90_cnty_pgn.shp
shapefile	chgis	citas90_cnty_pgn_big5	harvard-full/doi_10_7910/DVN/HIMIVE/V3_Data_Archive.zip::shapefiles/citas90_cnty_pgn_big5.ZIP::citas90_cnty_pgn_big5.shp
shapefile	chgis	citas90_cnty_pgn_gbk	harvard-full/doi_10_7910/DVN/HIMIVE/V3_Data_Archive.zip::shapefiles/citas90_cnty_pgn_gbk.ZIP::citas90_cnty_pgn_gbk.shp
shapefile	chgis	citas90_cnty_pgn_utf	harvard-full/doi_10_7910/DVN/HIMIVE/V3_Data_Archive.zip::shapefiles/citas90_cnty_pgn_utf.ZIP::citas90_cnty_pgn_utf.shp
shapefile	chgis	citas90_pref_pgn	harvard-full/doi_10_7910/DVN/HIMIVE/V3_Data_Archive.zip::shapefiles/citas90_pref_pgn.ZIP::citas90_pref_pgn.shp
shapefile	chgis	citas90_prov_pgn	harvard-full/doi_10_7910/DVN/HIMIVE/V3_Data_Archive.zip::shapefiles/citas90_prov_pgn.ZIP::citas90_prov_pgn.shp
shapefile	chgis	eastasia1871_przh_ru	harvard-full/doi_10_7910/DVN/HIMIVE/V3_Data_Archive.zip::shapefiles/russ_1871_neimeng_pts.ZIP::eastasia1871_przh_ru.shp
shapefile	chgis	ca1876route_przh_ru	harvard-full/doi_10_7910/DVN/HIMIVE/V3_Data_Archive.zip::shapefiles/russ_1876_xinjiang_pts.ZIP::ca1876route_przh_ru.shp
shapefile	chgis	ca1884_przh_ru	harvard-full/doi_10_7910/DVN/HIMIVE/V3_Data_Archive.zip::shapefiles/russ_1884_qinghai_pts.ZIP::ca1884_przh_ru.shp
shapefile	chgis	ca1884route_przh_ru	harvard-full/doi_10_7910/DVN/HIMIVE/V3_Data_Archive.zip::shapefiles/russ_1884_tarim_pts.ZIP::ca1884route_przh_ru.shp
shapefile	chgis	mk1899_koz_ru	harvard-full/doi_10_7910/DVN/HIMIVE/V3_Data_Archive.zip::shapefiles/russ_1899_mk_pts.ZIP::mk1899_koz_ru.shp
shapefile	chgis	kam1900_koz_ru	harvard-full/doi_10_7910/DVN/HIMIVE/V3_Data_Archive.zip::shapefiles/russ_1900_kham_pts.ZIP::kam1900_koz_ru.shp
shapefile	chgis	tib1900_pdb_ru	harvard-full/doi_10_7910/DVN/HIMIVE/V3_Data_Archive.zip::shapefiles/russ_1904_tibet_pts.ZIP::tib1900_pdb_ru.shp
shapefile	chgis	v2_1820_cnty_pts_gb	harvard-full/doi_10_7910/DVN/HIMIVE/V3_Data_Archive.zip::shapefiles/v2_1820_cnty_pts_gb.ZIP::v2_1820_cnty_pts_gb.shp
shapefile	chgis	v2_1820_cnty_pts_utf	harvard-full/doi_10_7910/DVN/HIMIVE/V3_Data_Archive.zip::shapefiles/v2_1820_cnty_pts_utf.ZIP::v2_1820_cnty_pts_utf.shp
shapefile	chgis	chgis_v1_cst_lin	harvard-full/doi_10_7910/DVN/HIMIVE/V3_Data_Archive.zip::shapefiles/v2_1820_cst_lin_av.ZIP::chgis_v1_cst_lin.shp
shapefile	chgis	v2_1820_lks_pgn_gb	harvard-full/doi_10_7910/DVN/HIMIVE/V3_Data_Archive.zip::shapefiles/v2_1820_lks_pgn_gb.ZIP::v2_1820_lks_pgn_gb.shp
shapefile	chgis	v2_1820_lks_pgn_utf	harvard-full/doi_10_7910/DVN/HIMIVE/V3_Data_Archive.zip::shapefiles/v2_1820_lks_pgn_utf.ZIP::v2_1820_lks_pgn_utf.shp
shapefile	chgis	v2_1820_pref_pgn_gb	harvard-full/doi_10_7910/DVN/HIMIVE/V3_Data_Archive.zip::shapefiles/v2_1820_pref_pgn_gb.ZIP::v2_1820_pref_pgn_gb.shp
shapefile	chgis	v2_1820_pref_pgn_utf	harvard-full/doi_10_7910/DVN/HIMIVE/V3_Data_Archive.zip::shapefiles/v2_1820_pref_pgn_utf.ZIP::v2_1820_pref_pgn_utf.shp
shapefile	chgis	v2_1820_pref_pts_gb	harvard-full/doi_10_7910/DVN/HIMIVE/V3_Data_Archive.zip::shapefiles/v2_1820_pref_pts_gb.ZIP::v2_1820_pref_pts_gb.shp
shapefile	chgis	v2_1820_pref_pts_utf	harvard-full/doi_10_7910/DVN/HIMIVE/V3_Data_Archive.zip::shapefiles/v2_1820_pref_pts_utf.ZIP::v2_1820_pref_pts_utf.shp
shapefile	chgis	v2_1820_prov_pgn_gb	harvard-full/doi_10_7910/DVN/HIMIVE/V3_Data_Archive.zip::shapefiles/v2_1820_prov_pgn_gb.ZIP::v2_1820_prov_pgn_gb.shp
shapefile	chgis	v2_1820_prov_pgn_utf	harvard-full/doi_10_7910/DVN/HIMIVE/V3_Data_Archive.zip::shapefiles/v2_1820_prov_pgn_utf.ZIP::v2_1820_prov_pgn_utf.shp
shapefile	chgis	v2_1820_prov_pts_gb	harvard-full/doi_10_7910/DVN/HIMIVE/V3_Data_Archive.zip::shapefiles/v2_1820_prov_pts_gb.ZIP::v2_1820_prov_pts_gb.shp
shapefile	chgis	v2_1820_prov_pts_utf	harvard-full/doi_10_7910/DVN/HIMIVE/V3_Data_Archive.zip::shapefiles/v2_1820_prov_pts_utf.ZIP::v2_1820_prov_pts_utf.shp
shapefile	chgis	v2_1820_rvr_lin_gb	harvard-full/doi_10_7910/DVN/HIMIVE/V3_Data_Archive.zip::shapefiles/v2_1820_rvr_lin_gb.ZIP::v2_1820_rvr_lin_gb.shp
shapefile	chgis	v2_1820_rvr_lin_utf	harvard-full/doi_10_7910/DVN/HIMIVE/V3_Data_Archive.zip::shapefiles/v2_1820_rvr_lin_utf.ZIP::v2_1820_rvr_lin_utf.shp
shapefile	chgis	v2_1820_twn_pts_gb	harvard-full/doi_10_7910/DVN/HIMIVE/V3_Data_Archive.zip::shapefiles/v2_1820_twn_pts_gb.ZIP::v2_1820_twn_pts_gb.shp
shapefile	chgis	v2_1820_twn_pts_utf	harvard-full/doi_10_7910/DVN/HIMIVE/V3_Data_Archive.zip::shapefiles/v2_1820_twn_pts_utf.ZIP::v2_1820_twn_pts_utf.shp
shapefile	chgis	nima_mtns_v1	harvard-full/doi_10_7910/DVN/HIMIVE/V3_Data_Archive.zip::shapefiles/v2_nima_mtns_pts_av.ZIP::nima_mtns_v1.shp
shapefile	chgis	nima_cst_v1	harvard-full/doi_10_7910/DVN/HIMIVE/V3_Data_Archive.zip::shapefiles/v2_nima_rocks_pts_av.ZIP::nima_cst_v1.shp
shapefile	chgis	v2_time_reg_pgn_gb	harvard-full/doi_10_7910/DVN/HIMIVE/V3_Data_Archive.zip::shapefiles/v2_time_reg_pgn_gb.ZIP::v2_time_reg_pgn_gb.shp
shapefile	chgis	v2_time_reg_pgn_utf	harvard-full/doi_10_7910/DVN/HIMIVE/V3_Data_Archive.zip::shapefiles/v2_time_reg_pgn_utf.ZIP::v2_time_reg_pgn_utf.shp
shapefile	chgis	v2_time_reg_pts_gb	harvard-full/doi_10_7910/DVN/HIMIVE/V3_Data_Archive.zip::shapefiles/v2_time_reg_pts_gb.ZIP::v2_time_reg_pts_gb.shp
shapefile	chgis	v2_time_reg_pts_utf	harvard-full/doi_10_7910/DVN/HIMIVE/V3_Data_Archive.zip::shapefiles/v2_time_reg_pts_utf.ZIP::v2_time_reg_pts_utf.shp
shapefile	chgis	v3_1820_pref_pgn_gb	harvard-full/doi_10_7910/DVN/HIMIVE/V3_Data_Archive.zip::shapefiles/v3_1820_pref_pgn_gb.ZIP::v3_1820_pref_pgn_gb.shp
shapefile	chgis	v3_1820_pref_pgn_utf	harvard-full/doi_10_7910/DVN/HIMIVE/V3_Data_Archive.zip::shapefiles/v3_1820_pref_pgn_utf.ZIP::v3_1820_pref_pgn_utf.shp
shapefile	chgis	v3_1820_prov_pgn_gb	harvard-full/doi_10_7910/DVN/HIMIVE/V3_Data_Archive.zip::shapefiles/v3_1820_prov_pgn_gb.ZIP::v3_1820_prov_pgn_gb.shp
shapefile	chgis	v3_1820_prov_pgn_utf	harvard-full/doi_10_7910/DVN/HIMIVE/V3_Data_Archive.zip::shapefiles/v3_1820_prov_pgn_utf.ZIP::v3_1820_prov_pgn_utf.shp
shapefile	chgis	v3_1911_cnty_pgn_gb	harvard-full/doi_10_7910/DVN/HIMIVE/V3_Data_Archive.zip::shapefiles/v3_1911_cnty_pgn_gb.ZIP::v3_1911_cnty_pgn_gb.shp
shapefile	chgis	v3_1911_cnty_pgn_utf	harvard-full/doi_10_7910/DVN/HIMIVE/V3_Data_Archive.zip::shapefiles/v3_1911_cnty_pgn_utf.ZIP::v3_1911_cnty_pgn_utf.shp
shapefile	chgis	v3_1911_cnty_pts_gb	harvard-full/doi_10_7910/DVN/HIMIVE/V3_Data_Archive.zip::shapefiles/v3_1911_cnty_pts_gb.ZIP::v3_1911_cnty_pts_gb.shp
shapefile	chgis	v3_1911_cnty_pts_utf	harvard-full/doi_10_7910/DVN/HIMIVE/V3_Data_Archive.zip::shapefiles/v3_1911_cnty_pts_utf.ZIP::v3_1911_cnty_pts_utf.shp
shapefile	chgis	v3_1911_pref_pgn_gb	harvard-full/doi_10_7910/DVN/HIMIVE/V3_Data_Archive.zip::shapefiles/v3_1911_pref_pgn_gb.ZIP::v3_1911_pref_pgn_gb.shp
shapefile	chgis	v3_1911_pref_pgn_utf	harvard-full/doi_10_7910/DVN/HIMIVE/V3_Data_Archive.zip::shapefiles/v3_1911_pref_pgn_utf.ZIP::v3_1911_pref_pgn_utf.shp
shapefile	chgis	v3_1911_pref_pts_gb	harvard-full/doi_10_7910/DVN/HIMIVE/V3_Data_Archive.zip::shapefiles/v3_1911_pref_pts_gb.ZIP::v3_1911_pref_pts_gb.shp
shapefile	chgis	v3_1911_pref_pts_utf	harvard-full/doi_10_7910/DVN/HIMIVE/V3_Data_Archive.zip::shapefiles/v3_1911_pref_pts_utf.ZIP::v3_1911_pref_pts_utf.shp
shapefile	chgis	v3_1911_prov_pgn_gb	harvard-full/doi_10_7910/DVN/HIMIVE/V3_Data_Archive.zip::shapefiles/v3_1911_prov_pgn_gb.ZIP::v3_1911_prov_pgn_gb.shp
shapefile	chgis	v3_1911_prov_pgn_utf	harvard-full/doi_10_7910/DVN/HIMIVE/V3_Data_Archive.zip::shapefiles/v3_1911_prov_pgn_utf.ZIP::v3_1911_prov_pgn_utf.shp
shapefile	chgis	v3_1911_prov_pts_gb	harvard-full/doi_10_7910/DVN/HIMIVE/V3_Data_Archive.zip::shapefiles/v3_1911_prov_pts_gb.ZIP::v3_1911_prov_pts_gb.shp
shapefile	chgis	v3_1911_prov_pts_utf	harvard-full/doi_10_7910/DVN/HIMIVE/V3_Data_Archive.zip::shapefiles/v3_1911_prov_pts_utf.ZIP::v3_1911_prov_pts_utf.shp
shapefile	chgis	v3_1911_twn_pts_gb	harvard-full/doi_10_7910/DVN/HIMIVE/V3_Data_Archive.zip::shapefiles/v3_1911_twn_pts_gb.ZIP::v3_1911_twn_pts_gb.shp
shapefile	chgis	v3_1911_twn_pts_utf	harvard-full/doi_10_7910/DVN/HIMIVE/V3_Data_Archive.zip::shapefiles/v3_1911_twn_pts_utf.ZIP::v3_1911_twn_pts_utf.shp
shapefile	chgis	v3_time_cnty_pts_gb	harvard-full/doi_10_7910/DVN/HIMIVE/V3_Data_Archive.zip::shapefiles/v3_time_cnty_pts_gb.ZIP::v3_time_cnty_pts_gb.shp
shapefile	chgis	v3_time_cnty_pts_utf	harvard-full/doi_10_7910/DVN/HIMIVE/V3_Data_Archive.zip::shapefiles/v3_time_cnty_pts_utf.ZIP::v3_time_cnty_pts_utf.shp
shapefile	chgis	v3_time_pref_pgn_gb	harvard-full/doi_10_7910/DVN/HIMIVE/V3_Data_Archive.zip::shapefiles/v3_time_pref_pgn_gb.ZIP::v3_time_pref_pgn_gb.shp
shapefile	chgis	v3_time_pref_pgn_utf	harvard-full/doi_10_7910/DVN/HIMIVE/V3_Data_Archive.zip::shapefiles/v3_time_pref_pgn_utf.ZIP::v3_time_pref_pgn_utf.shp
shapefile	chgis	v3_time_pref_pts_gb	harvard-full/doi_10_7910/DVN/HIMIVE/V3_Data_Archive.zip::shapefiles/v3_time_pref_pts_gb.ZIP::v3_time_pref_pts_gb.shp
shapefile	chgis	v3_time_pref_pts_utf	harvard-full/doi_10_7910/DVN/HIMIVE/V3_Data_Archive.zip::shapefiles/v3_time_pref_pts_utf.ZIP::v3_time_pref_pts_utf.shp
shapefile	chgis	v3_time_prov_pgn_gb	harvard-full/doi_10_7910/DVN/HIMIVE/V3_Data_Archive.zip::shapefiles/v3_time_prov_pgn_gb.ZIP::v3_time_prov_pgn_gb.shp
shapefile	chgis	v3_time_prov_pgn_utf	harvard-full/doi_10_7910/DVN/HIMIVE/V3_Data_Archive.zip::shapefiles/v3_time_prov_pgn_utf.ZIP::v3_time_prov_pgn_utf.shp
shapefile	chgis	v3_time_prov_pts_gb	harvard-full/doi_10_7910/DVN/HIMIVE/V3_Data_Archive.zip::shapefiles/v3_time_prov_pts_gb.ZIP::v3_time_prov_pts_gb.shp
shapefile	chgis	v3_time_prov_pts_utf	harvard-full/doi_10_7910/DVN/HIMIVE/V3_Data_Archive.zip::shapefiles/v3_time_prov_pts_utf.ZIP::v3_time_prov_pts_utf.shp
shapefile	chgis	ChinaGaslineNodes_2013	harvard-full/doi_10_7910/DVN/J5U79Z/ChinaGasPipelines_2013.zip::ChinaGaslineNodes_2013.shp
shapefile	chgis	ChinaGasPipelines_2013	harvard-full/doi_10_7910/DVN/J5U79Z/ChinaGasPipelines_2013.zip::ChinaGasPipelines_2013.shp
shapefile	chgis	China_HSR_2016_lines	harvard-full/doi_10_7910/DVN/JIISNB/China_HSR_2016_lines.zip::China_HSR_2016_lines.shp
shapefile	chgis	China_HSR_2016_stations	harvard-full/doi_10_7910/DVN/JIISNB/China_HSR_2016_stations.zip::China_HSR_2016_stations.shp
shapefile	chgis	beijing_sites_v1	harvard-full/doi_10_7910/DVN/KUFJTG/beijing_sites.zip::beijing_sites_v1.shp
shapefile	chgis	ca1876route_przh_1251	harvard-full/doi_10_7910/DVN/LVYYZC/1876route_przh.zip::2_1876route_przh/ca1876route_przh_1251.shp
shapefile	chgis	ca1876route_przh_utf8	harvard-full/doi_10_7910/DVN/LVYYZC/1876route_przh.zip::2_1876route_przh/ca1876route_przh_utf8.shp
shapefile	chgis	Manshu_200K_index	harvard-full/doi_10_7910/DVN/M7WEFY/Manshu_200K_index_SHP.zip::Manshu_200K_index.shp
shapefile	chgis	v4_time_prov_pgn_utf	harvard-full/doi_10_7910/DVN/M7WEFY/v4_time_prov_pgn_utf.zip::v4_time_prov_pgn_utf.shp
shapefile	chgis	v4_time_prov_pts_utf	harvard-full/doi_10_7910/DVN/M7WEFY/v4_time_prov_pts_utf.zip::v4_time_prov_pts_utf.shp
shapefile	chgis	v5_1820_cnty_pts_utf	harvard-full/doi_10_7910/DVN/M7WEFY/v5_1820_cnty_pts_utf.zip::v5_1820_cnty_pts_utf.shp
shapefile	chgis	v5_1820_coast_lin	harvard-full/doi_10_7910/DVN/M7WEFY/v5_1820_coast_lin.zip::v5_1820_coast_lin.shp
shapefile	chgis	v5_1820_coded_rvr_lin_utf	harvard-full/doi_10_7910/DVN/M7WEFY/v5_1820_coded_rvr_lin_utf.zip::v5_1820_coded_rvr_lin_utf.shp
shapefile	chgis	v5_1820_lks_pgn_utf	harvard-full/doi_10_7910/DVN/M7WEFY/v5_1820_lks_pgn_utf.zip::v5_1820_lks_pgn_utf.shp
shapefile	chgis	v5_1820_pref_pgn_utf	harvard-full/doi_10_7910/DVN/M7WEFY/v5_1820_pref_pgn_utf.zip::v5_1820_pref_pgn_utf.shp
shapefile	chgis	v5_1820_pref_pts_utf	harvard-full/doi_10_7910/DVN/M7WEFY/v5_1820_pref_pts_utf.zip::v5_1820_pref_pts_utf.shp
shapefile	chgis	v5_1820_prov_pgn_utf	harvard-full/doi_10_7910/DVN/M7WEFY/v5_1820_prov_pgn_utf.zip::v5_1820_prov_pgn_utf.shp
shapefile	chgis	v5_1820_prov_pts_utf	harvard-full/doi_10_7910/DVN/M7WEFY/v5_1820_prov_pts_utf.zip::v5_1820_prov_pts_utf.shp
shapefile	chgis	v5_1820_twn_pts_utf	harvard-full/doi_10_7910/DVN/M7WEFY/v5_1820_twn_pts_utf.zip::v5_1820_twn_pts_utf.shp
shapefile	chgis	v5_1911_cnty_pgn_utf	harvard-full/doi_10_7910/DVN/M7WEFY/v5_1911_cnty_pgn_utf.zip::v5_1911_cnty_pgn_utf.shp
shapefile	chgis	v5_1911_cnty_pts_utf	harvard-full/doi_10_7910/DVN/M7WEFY/v5_1911_cnty_pts_utf.zip::v5_1911_cnty_pts_utf.shp
shapefile	chgis	v5_1911_pref_pgn_utf	harvard-full/doi_10_7910/DVN/M7WEFY/v5_1911_pref_pgn_utf.zip::v5_1911_pref_pgn_utf.shp
shapefile	chgis	v5_1911_pref_pts_utf	harvard-full/doi_10_7910/DVN/M7WEFY/v5_1911_pref_pts_utf.zip::v5_1911_pref_pts_utf.shp
shapefile	chgis	v5_1911_prov_pgn_utf	harvard-full/doi_10_7910/DVN/M7WEFY/v5_1911_prov_pgn_utf.zip::v5_1911_prov_pgn_utf.shp
shapefile	chgis	v5_1911_prov_pts_utf	harvard-full/doi_10_7910/DVN/M7WEFY/v5_1911_prov_pts_utf.zip::v5_1911_prov_pts_utf.shp
shapefile	chgis	v5_1911_twn_pts_utf	harvard-full/doi_10_7910/DVN/M7WEFY/v5_1911_twn_pts_utf.zip::v5_1911_twn_pts_utf.shp
shapefile	chgis	V5_1926_prov_pgn_utf	harvard-full/doi_10_7910/DVN/M7WEFY/v5_1926_prov_pgn_utf.zip::V5_1926_prov_pgn_utf.shp
shapefile	chgis	v5_citas90_cnty_pgn_utf	harvard-full/doi_10_7910/DVN/M7WEFY/v5_1990_citas_cnty_pgn_utf.zip::v5_citas90_cnty_pgn_utf.shp
shapefile	chgis	v5_citas90_pref_pgn_utf	harvard-full/doi_10_7910/DVN/M7WEFY/v5_1990_citas_pref_pgn_utf.zip::v5_citas90_pref_pgn_utf.shp
shapefile	chgis	v5_1997_prov_pgn_utf	harvard-full/doi_10_7910/DVN/M7WEFY/v5_1997_prov_pgn_utf.zip::v5_1997_prov_pgn_utf.shp
shapefile	chgis	V5_2009_Tibet_twns_pts_utf	harvard-full/doi_10_7910/DVN/M7WEFY/v5_2009_tibet_twns_utf.zip::V5_2009_Tibet_twns_pts_utf.shp
shapefile	chgis	V5_2009_Tibet_twns_pts_GEOM	harvard-full/doi_10_7910/DVN/M7WEFY/v5_2009_tibet_twns_utf.zip::V5_2009_Tibet_twns_pts_GEOM.shp
shapefile	chgis	v5_ChinaW_pts_utf	harvard-full/doi_10_7910/DVN/M7WEFY/v5_ChinaW_pts_utf.zip::v5_ChinaW_pts_utf.shp
shapefile	chgis	v5_PhysiogMacroregions_pgn	harvard-full/doi_10_7910/DVN/M7WEFY/v5_PhysiogMacroregions_pgn.zip::v5_PhysiogMacroregions_pgn.shp
shapefile	chgis	v5_PhysiogMacroregions_pgn_utf	harvard-full/doi_10_7910/DVN/M7WEFY/v5_PhysiogMacroregions_pgn_utf.zip::v5_PhysiogMacroregions_pgn_utf.shp
shapefile	chgis	v5_1911_pref_pgn_utf	harvard-full/doi_10_7910/DVN/M7WEFY/v5_PhysiogMacroregions_pgn_utf.zip::v5_1911_pref_pgn_utf.zip::v5_1911_pref_pgn_utf.shp
shapefile	chgis	v5_SMR_pgn_utf_wgs	harvard-full/doi_10_7910/DVN/M7WEFY/v5_SMR_pgn_utf.zip::v5_SMR_pgn_utf_wgs.shp
shapefile	chgis	v5_SMR_pgn_utf_xian	harvard-full/doi_10_7910/DVN/M7WEFY/v5_SMR_pgn_utf.zip::v5_SMR_pgn_utf_xian.shp
shapefile	chgis	v5_SMR_SubR_pgn_utf_wgs	harvard-full/doi_10_7910/DVN/M7WEFY/v5_SMR_pgn_utf.zip::v5_SMR_SubR_pgn_utf_wgs.shp
shapefile	chgis	v5_SMR_SubR_pgn_utf_xian	harvard-full/doi_10_7910/DVN/M7WEFY/v5_SMR_pgn_utf.zip::v5_SMR_SubR_pgn_utf_xian.shp
shapefile	chgis	v5_gns_anhui_gbk	harvard-full/doi_10_7910/DVN/M7WEFY/v5_gns_anhui_gbk.zip::v5_gns_anhui_gbk.shp
shapefile	chgis	v5_gns_beijing_gbk	harvard-full/doi_10_7910/DVN/M7WEFY/v5_gns_beijing_gbk.zip::v5_gns_beijing_gbk.shp
shapefile	chgis	v5_gns_fujian_gbk	harvard-full/doi_10_7910/DVN/M7WEFY/v5_gns_fujian_gbk.zip::v5_gns_fujian_gbk.shp
shapefile	chgis	v5_gns_gansu_gbk	harvard-full/doi_10_7910/DVN/M7WEFY/v5_gns_gansu_gbk.zip::v5_gns_gansu_gbk.shp
shapefile	chgis	v5_gns_guangdong_gbk	harvard-full/doi_10_7910/DVN/M7WEFY/v5_gns_guangdong_gbk.zip::v5_gns_guangdong_gbk.shp
shapefile	chgis	v5_gns_guangxi_gbk	harvard-full/doi_10_7910/DVN/M7WEFY/v5_gns_guangxi_gbk.zip::v5_gns_guangxi_gbk.shp
shapefile	chgis	v5_gns_guizhou_gbk	harvard-full/doi_10_7910/DVN/M7WEFY/v5_gns_guizhou_gbk.zip::v5_gns_guizhou_gbk.shp
shapefile	chgis	v5_gns_hainan_gbk	harvard-full/doi_10_7910/DVN/M7WEFY/v5_gns_hainan_gbk.zip::v5_gns_hainan_gbk.shp
shapefile	chgis	v5_gns_hebei_gbk	harvard-full/doi_10_7910/DVN/M7WEFY/v5_gns_hebei_gbk.zip::v5_gns_hebei_gbk.shp
shapefile	chgis	v5_gns_heilongjiang_gbk	harvard-full/doi_10_7910/DVN/M7WEFY/v5_gns_heilongjiang_gbk.zip::v5_gns_heilongjiang_gbk.shp
shapefile	chgis	v5_gns_henan_gbk	harvard-full/doi_10_7910/DVN/M7WEFY/v5_gns_henan_gbk.zip::v5_gns_henan_gbk.shp
shapefile	chgis	v5_gns_hubei_gbk	harvard-full/doi_10_7910/DVN/M7WEFY/v5_gns_hubei_gbk.zip::v5_gns_hubei_gbk.shp
shapefile	chgis	v5_gns_hunan_gbk	harvard-full/doi_10_7910/DVN/M7WEFY/v5_gns_hunan_gbk.zip::v5_gns_hunan_gbk.shp
shapefile	chgis	v5_gns_jiangsu_gbk	harvard-full/doi_10_7910/DVN/M7WEFY/v5_gns_jiangsu_gbk.zip::v5_gns_jiangsu_gbk.shp
shapefile	chgis	v5_gns_jiangxi_gbk	harvard-full/doi_10_7910/DVN/M7WEFY/v5_gns_jiangxi_gbk.zip::v5_gns_jiangxi_gbk.shp
shapefile	chgis	v5_gns_jilin_gbk	harvard-full/doi_10_7910/DVN/M7WEFY/v5_gns_jilin_gbk.zip::v5_gns_jilin_gbk.shp
shapefile	chgis	v5_gns_liaoning_gbk	harvard-full/doi_10_7910/DVN/M7WEFY/v5_gns_liaoning_gbk.zip::v5_gns_liaoning_gbk.shp
shapefile	chgis	v5_gns_neimeng_gbk	harvard-full/doi_10_7910/DVN/M7WEFY/v5_gns_neimeng_gbk.zip::v5_gns_neimeng_gbk.shp
shapefile	chgis	v5_gns_ningxia_gbk	harvard-full/doi_10_7910/DVN/M7WEFY/v5_gns_ningxia_gbk.zip::v5_gns_ningxia_gbk.shp
shapefile	chgis	v5_gns_qinghai_gbk	harvard-full/doi_10_7910/DVN/M7WEFY/v5_gns_qinghai_gbk.zip::v5_gns_qinghai_gbk.shp
shapefile	chgis	v5_gns_shaanxi_gbk	harvard-full/doi_10_7910/DVN/M7WEFY/v5_gns_shaanxi_gbk.zip::v5_gns_shaanxi_gbk.shp
shapefile	chgis	v5_gns_shandong_gbk	harvard-full/doi_10_7910/DVN/M7WEFY/v5_gns_shandong_gbk.zip::v5_gns_shandong_gbk.shp
shapefile	chgis	v5_gns_shanghai_gbk	harvard-full/doi_10_7910/DVN/M7WEFY/v5_gns_shanghai_gbk.zip::v5_gns_shanghai_gbk.shp
shapefile	chgis	v5_gns_shanxi_gbk	harvard-full/doi_10_7910/DVN/M7WEFY/v5_gns_shanxi_gbk.zip::v5_gns_shanxi_gbk.shp
shapefile	chgis	v5_gns_sichuan_gbk	harvard-full/doi_10_7910/DVN/M7WEFY/v5_gns_sichuan_gbk.zip::v5_gns_sichuan_gbk.shp
shapefile	chgis	v5_gns_tianjin_gbk	harvard-full/doi_10_7910/DVN/M7WEFY/v5_gns_tianjin_gbk.zip::v5_gns_tianjin_gbk.shp
shapefile	chgis	v5_gns_tibet_gbk	harvard-full/doi_10_7910/DVN/M7WEFY/v5_gns_tibet_gbk.zip::v5_gns_tibet_gbk.shp
shapefile	chgis	v5_gns_xinjiang_gbk	harvard-full/doi_10_7910/DVN/M7WEFY/v5_gns_xinjiang_gbk.zip::v5_gns_xinjiang_gbk.shp
shapefile	chgis	v5_gns_yunnan_gbk	harvard-full/doi_10_7910/DVN/M7WEFY/v5_gns_yunnan_gbk.zip::v5_gns_yunnan_gbk.shp
shapefile	chgis	v5_gns_zhejiang_gbk	harvard-full/doi_10_7910/DVN/M7WEFY/v5_gns_zhejiang_gbk.zip::v5_gns_zhejiang_gbk.shp
shapefile	chgis	v5_time_cnty_pts_utf	harvard-full/doi_10_7910/DVN/M7WEFY/v5_time_cnty_pts_utf.zip::v5_time_cnty_pts_utf.shp
shapefile	chgis	v5_time_pref_pgn_utf	harvard-full/doi_10_7910/DVN/M7WEFY/v5_time_pref_pgn_utf.zip::v5_time_pref_pgn_utf.shp
shapefile	chgis	v5_1911_cnty_pts_utf	harvard-full/doi_10_7910/DVN/M7WEFY/v5_time_pref_pgn_utf.zip::v5_1911_cnty_pts_utf.zip::v5_1911_cnty_pts_utf.shp
shapefile	chgis	v5_time_pref_pts_utf	harvard-full/doi_10_7910/DVN/M7WEFY/v5_time_pref_pts_utf.zip::v5_time_pref_pts_utf.shp
shapefile	chgis	ChinaW_points_gbk	harvard-full/doi_10_7910/DVN/PDGOZ0/V4_Data_Archive.zip::shapefiles/ChinaW_pts_gbk.zip::ChinaW_points_gbk.shp
shapefile	chgis	PhysiogMacroregions_pgn	harvard-full/doi_10_7910/DVN/PDGOZ0/V4_Data_Archive.zip::shapefiles/PhysiogMacroregions_pgn.zip::PhysiogMacroregions_pgn.shp
shapefile	chgis	v4_1820_cnty_pts_gbk	harvard-full/doi_10_7910/DVN/PDGOZ0/V4_Data_Archive.zip::shapefiles/v4_1820_cnty_pts_gbk.zip::v4_1820_cnty_pts_gbk.shp
shapefile	chgis	v4_1820_cnty_pts_utf	harvard-full/doi_10_7910/DVN/PDGOZ0/V4_Data_Archive.zip::shapefiles/v4_1820_cnty_pts_utf.zip::v4_1820_cnty_pts_utf.shp
shapefile	chgis	v4_1820_coast_lin	harvard-full/doi_10_7910/DVN/PDGOZ0/V4_Data_Archive.zip::shapefiles/v4_1820_coast_lin.zip::v4_1820_coast_lin.shp
shapefile	chgis	v4_1820_coded_rvr_lin_utf	harvard-full/doi_10_7910/DVN/PDGOZ0/V4_Data_Archive.zip::shapefiles/v4_1820_coded_rvr_lin_utf.zip::v4_1820_coded_rvr_lin_utf.shp
shapefile	chgis	v4_1820_lks_pgn_gbk	harvard-full/doi_10_7910/DVN/PDGOZ0/V4_Data_Archive.zip::shapefiles/v4_1820_lks_pgn_gbk.zip::v4_1820_lks_pgn_gbk.shp
shapefile	chgis	v4_1820_lks_pgn_utf	harvard-full/doi_10_7910/DVN/PDGOZ0/V4_Data_Archive.zip::shapefiles/v4_1820_lks_pgn_utf.zip::v4_1820_lks_pgn_utf.shp
shapefile	chgis	v4_1820_pref_pgn_gbk	harvard-full/doi_10_7910/DVN/PDGOZ0/V4_Data_Archive.zip::shapefiles/v4_1820_pref_pgn_gbk.zip::v4_1820_pref_pgn_gbk.shp
shapefile	chgis	v4_1820_pref_pgn_utf	harvard-full/doi_10_7910/DVN/PDGOZ0/V4_Data_Archive.zip::shapefiles/v4_1820_pref_pgn_utf.zip::v4_1820_pref_pgn_utf.shp
shapefile	chgis	v4_1820_pref_pts_gbk	harvard-full/doi_10_7910/DVN/PDGOZ0/V4_Data_Archive.zip::shapefiles/v4_1820_pref_pts_gbk.zip::v4_1820_pref_pts_gbk.shp
shapefile	chgis	v4_1820_pref_pts_utf	harvard-full/doi_10_7910/DVN/PDGOZ0/V4_Data_Archive.zip::shapefiles/v4_1820_pref_pts_utf.zip::v4_1820_pref_pts_utf.shp
shapefile	chgis	v4_1820_prov_pgn_gbk	harvard-full/doi_10_7910/DVN/PDGOZ0/V4_Data_Archive.zip::shapefiles/v4_1820_prov_pgn_gbk.zip::v4_1820_prov_pgn_gbk.shp
shapefile	chgis	v4_1820_prov_pgn_utf	harvard-full/doi_10_7910/DVN/PDGOZ0/V4_Data_Archive.zip::shapefiles/v4_1820_prov_pgn_utf.zip::v4_1820_prov_pgn_utf.shp
shapefile	chgis	v4_1820_prov_pts_gbk	harvard-full/doi_10_7910/DVN/PDGOZ0/V4_Data_Archive.zip::shapefiles/v4_1820_prov_pts_gbk.zip::v4_1820_prov_pts_gbk.shp
shapefile	chgis	v4_1820_prov_pts_utf	harvard-full/doi_10_7910/DVN/PDGOZ0/V4_Data_Archive.zip::shapefiles/v4_1820_prov_pts_utf.zip::v4_1820_prov_pts_utf.shp
shapefile	chgis	v4_1820_rvr_lin_gbk	harvard-full/doi_10_7910/DVN/PDGOZ0/V4_Data_Archive.zip::shapefiles/v4_1820_rvr_lin_gbk.zip::v4_1820_rvr_lin_gbk.shp
shapefile	chgis	v4_1820_rvr_lin_utf	harvard-full/doi_10_7910/DVN/PDGOZ0/V4_Data_Archive.zip::shapefiles/v4_1820_rvr_lin_utf.zip::v4_1820_rvr_lin_utf.shp
shapefile	chgis	v4_1820_twn_pts_gbk	harvard-full/doi_10_7910/DVN/PDGOZ0/V4_Data_Archive.zip::shapefiles/v4_1820_twn_pts_gbk.zip::v4_1820_twn_pts_gbk.shp
shapefile	chgis	v4_1820_twn_pts_utf	harvard-full/doi_10_7910/DVN/PDGOZ0/V4_Data_Archive.zip::shapefiles/v4_1820_twn_pts_utf.zip::v4_1820_twn_pts_utf.shp
shapefile	chgis	v4_1911_cnty_pgn_gbk	harvard-full/doi_10_7910/DVN/PDGOZ0/V4_Data_Archive.zip::shapefiles/v4_1911_cnty_pgn_gbk.zip::v4_1911_cnty_pgn_gbk.shp
shapefile	chgis	v4_1911_cnty_pgn_utf	harvard-full/doi_10_7910/DVN/PDGOZ0/V4_Data_Archive.zip::shapefiles/v4_1911_cnty_pgn_utf.zip::v4_1911_cnty_pgn_utf.shp
shapefile	chgis	v4_1911_cnty_pts_gbk	harvard-full/doi_10_7910/DVN/PDGOZ0/V4_Data_Archive.zip::shapefiles/v4_1911_cnty_pts_gbk.zip::v4_1911_cnty_pts_gbk.shp
shapefile	chgis	v4_1911_cnty_pts_utf	harvard-full/doi_10_7910/DVN/PDGOZ0/V4_Data_Archive.zip::shapefiles/v4_1911_cnty_pts_utf.zip::v4_1911_cnty_pts_utf.shp
shapefile	chgis	v4_1911_pref_pgn_gbk	harvard-full/doi_10_7910/DVN/PDGOZ0/V4_Data_Archive.zip::shapefiles/v4_1911_pref_pgn_gbk.zip::v4_1911_pref_pgn_gbk.shp
shapefile	chgis	v4_1911_pref_pgn_utf	harvard-full/doi_10_7910/DVN/PDGOZ0/V4_Data_Archive.zip::shapefiles/v4_1911_pref_pgn_utf.zip::v4_1911_pref_pgn_utf.shp
shapefile	chgis	v4_1911_pref_pts_gbk	harvard-full/doi_10_7910/DVN/PDGOZ0/V4_Data_Archive.zip::shapefiles/v4_1911_pref_pts_gbk.zip::v4_1911_pref_pts_gbk.shp
shapefile	chgis	v4_1911_pref_pts_utf	harvard-full/doi_10_7910/DVN/PDGOZ0/V4_Data_Archive.zip::shapefiles/v4_1911_pref_pts_utf.zip::v4_1911_pref_pts_utf.shp
shapefile	chgis	v4_1911_prov_pgn_gbk	harvard-full/doi_10_7910/DVN/PDGOZ0/V4_Data_Archive.zip::shapefiles/v4_1911_prov_pgn_gbk.zip::v4_1911_prov_pgn_gbk.shp
shapefile	chgis	v4_1911_prov_pgn_utf	harvard-full/doi_10_7910/DVN/PDGOZ0/V4_Data_Archive.zip::shapefiles/v4_1911_prov_pgn_utf.zip::v4_1911_prov_pgn_utf.shp
shapefile	chgis	v4_1911_prov_pts_gbk	harvard-full/doi_10_7910/DVN/PDGOZ0/V4_Data_Archive.zip::shapefiles/v4_1911_prov_pts_gbk.zip::v4_1911_prov_pts_gbk.shp
shapefile	chgis	v4_1911_prov_pts_utf	harvard-full/doi_10_7910/DVN/PDGOZ0/V4_Data_Archive.zip::shapefiles/v4_1911_prov_pts_utf.zip::v4_1911_prov_pts_utf.shp
shapefile	chgis	v4_1911_twn_pts_gbk	harvard-full/doi_10_7910/DVN/PDGOZ0/V4_Data_Archive.zip::shapefiles/v4_1911_twn_pts_gbk.zip::v4_1911_twn_pts_gbk.shp
shapefile	chgis	v4_1911_twn_pts_utf	harvard-full/doi_10_7910/DVN/PDGOZ0/V4_Data_Archive.zip::shapefiles/v4_1911_twn_pts_utf.zip::v4_1911_twn_pts_utf.shp
shapefile	chgis	v4_1997_prov_pgn_gbk	harvard-full/doi_10_7910/DVN/PDGOZ0/V4_Data_Archive.zip::shapefiles/v4_1997_prov_pgn_gbk.zip::v4_1997_prov_pgn_gbk.shp
shapefile	chgis	v4_1997_prov_pgn_utf	harvard-full/doi_10_7910/DVN/PDGOZ0/V4_Data_Archive.zip::shapefiles/v4_1997_prov_pgn_utf.zip::v4_1997_prov_pgn_utf.shp
shapefile	chgis	v4_buddhist_pts_utf	harvard-full/doi_10_7910/DVN/PDGOZ0/V4_Data_Archive.zip::shapefiles/v4_buddhist_pts_utf.zip::v4_buddhist_pts_utf.shp
shapefile	chgis	v4_citas90_cnty_pgn_big5_stats	harvard-full/doi_10_7910/DVN/PDGOZ0/V4_Data_Archive.zip::shapefiles/v4_citas90_cnty_pgn_big5_stats.zip::v4_citas90_cnty_pgn_big5_stats.shp
shapefile	chgis	v4_citas90_cnty_pgn_gbk_stats	harvard-full/doi_10_7910/DVN/PDGOZ0/V4_Data_Archive.zip::shapefiles/v4_citas90_cnty_pgn_gbk_stats.zip::v4_citas90_cnty_pgn_gbk_stats.shp
shapefile	chgis	v4_citas90_cnty_pgn_utf_stats	harvard-full/doi_10_7910/DVN/PDGOZ0/V4_Data_Archive.zip::shapefiles/v4_citas90_cnty_pgn_utf_stats.zip::v4_citas90_cnty_pgn_utf_stats.shp
shapefile	chgis	v4_citas90_pref_pgn_utf	harvard-full/doi_10_7910/DVN/PDGOZ0/V4_Data_Archive.zip::shapefiles/v4_citas90_pref_pgn_utf.zip::v4_citas90_pref_pgn_utf.shp
shapefile	chgis	v4_citas90_prov_pgn_utf	harvard-full/doi_10_7910/DVN/PDGOZ0/V4_Data_Archive.zip::shapefiles/v4_citas90_prov_pgn_utf.zip::v4_citas90_prov_pgn_utf.shp
shapefile	chgis	v4_dcw_contour_lin	harvard-full/doi_10_7910/DVN/PDGOZ0/V4_Data_Archive.zip::shapefiles/v4_dcw_contour_lin.zip::v4_dcw_contour_lin.shp
shapefile	chgis	v4_dcw_rail_lin	harvard-full/doi_10_7910/DVN/PDGOZ0/V4_Data_Archive.zip::shapefiles/v4_dcw_rail_lin.zip::v4_dcw_rail_lin.shp
shapefile	chgis	v4_dcw_rds_lin	harvard-full/doi_10_7910/DVN/PDGOZ0/V4_Data_Archive.zip::shapefiles/v4_dcw_rds_lin.zip::v4_dcw_rds_lin.shp
shapefile	chgis	v4_dcw_rvr_lin	harvard-full/doi_10_7910/DVN/PDGOZ0/V4_Data_Archive.zip::shapefiles/v4_dcw_rvr_lin.zip::v4_dcw_rvr_lin.shp
shapefile	chgis	v4_gns_anhui_gbk	harvard-full/doi_10_7910/DVN/PDGOZ0/V4_Data_Archive.zip::shapefiles/v4_gns_anhui_gbk.zip::v4_gns_anhui_gbk.shp
shapefile	chgis	v4_gns_beijing_gbk	harvard-full/doi_10_7910/DVN/PDGOZ0/V4_Data_Archive.zip::shapefiles/v4_gns_beijing_gbk.zip::v4_gns_beijing_gbk.shp
shapefile	chgis	v4_gns_fujian_gbk	harvard-full/doi_10_7910/DVN/PDGOZ0/V4_Data_Archive.zip::shapefiles/v4_gns_fujian_gbk.zip::v4_gns_fujian_gbk.shp
shapefile	chgis	v4_gns_gansu_gbk	harvard-full/doi_10_7910/DVN/PDGOZ0/V4_Data_Archive.zip::shapefiles/v4_gns_gansu_gbk.zip::v4_gns_gansu_gbk.shp
shapefile	chgis	v4_gns_guangdong_gbk	harvard-full/doi_10_7910/DVN/PDGOZ0/V4_Data_Archive.zip::shapefiles/v4_gns_guangdong_gbk.zip::v4_gns_guangdong_gbk.shp
shapefile	chgis	v4_gns_guangxi_gbk	harvard-full/doi_10_7910/DVN/PDGOZ0/V4_Data_Archive.zip::shapefiles/v4_gns_guangxi_gbk.zip.zip::v4_gns_guangxi_gbk.shp
shapefile	chgis	v4_gns_guizhou_gbk	harvard-full/doi_10_7910/DVN/PDGOZ0/V4_Data_Archive.zip::shapefiles/v4_gns_guizhou_gbk.zip::v4_gns_guizhou_gbk.shp
shapefile	chgis	v4_gns_hainan_gbk	harvard-full/doi_10_7910/DVN/PDGOZ0/V4_Data_Archive.zip::shapefiles/v4_gns_hainan_gbk.zip::v4_gns_hainan_gbk.shp
shapefile	chgis	v4_gns_hebei_gbk	harvard-full/doi_10_7910/DVN/PDGOZ0/V4_Data_Archive.zip::shapefiles/v4_gns_hebei_gbk.zip::v4_gns_hebei_gbk.shp
shapefile	chgis	v4_gns_heilongjiang_gbk	harvard-full/doi_10_7910/DVN/PDGOZ0/V4_Data_Archive.zip::shapefiles/v4_gns_heilongjiang_gbk.zip::v4_gns_heilongjiang_gbk.shp
shapefile	chgis	v4_gns_henan_gbk	harvard-full/doi_10_7910/DVN/PDGOZ0/V4_Data_Archive.zip::shapefiles/v4_gns_henan_gbk.zip::v4_gns_henan_gbk.shp
shapefile	chgis	v4_gns_hubei_gbk	harvard-full/doi_10_7910/DVN/PDGOZ0/V4_Data_Archive.zip::shapefiles/v4_gns_hubei_gbk.zip::v4_gns_hubei_gbk.shp
shapefile	chgis	v4_gns_hunan_gbk	harvard-full/doi_10_7910/DVN/PDGOZ0/V4_Data_Archive.zip::shapefiles/v4_gns_hunan_gbk.zip::v4_gns_hunan_gbk.shp
shapefile	chgis	v4_gns_jiangsu_gbk	harvard-full/doi_10_7910/DVN/PDGOZ0/V4_Data_Archive.zip::shapefiles/v4_gns_jiangsu_gbk.zip::v4_gns_jiangsu_gbk.shp
shapefile	chgis	v4_gns_jiangxi_gbk	harvard-full/doi_10_7910/DVN/PDGOZ0/V4_Data_Archive.zip::shapefiles/v4_gns_jiangxi_gbk.zip::v4_gns_jiangxi_gbk.shp
shapefile	chgis	v4_gns_jilin_gbk	harvard-full/doi_10_7910/DVN/PDGOZ0/V4_Data_Archive.zip::shapefiles/v4_gns_jilin_gbk.zip::v4_gns_jilin_gbk.shp
shapefile	chgis	v4_gns_liaoning_gbk	harvard-full/doi_10_7910/DVN/PDGOZ0/V4_Data_Archive.zip::shapefiles/v4_gns_liaoning_gbk.zip::v4_gns_liaoning_gbk.shp
shapefile	chgis	v4_gns_neimeng_gbk	harvard-full/doi_10_7910/DVN/PDGOZ0/V4_Data_Archive.zip::shapefiles/v4_gns_neimeng_gbk.zip::v4_gns_neimeng_gbk.shp
shapefile	chgis	v4_gns_ningxia_gbk	harvard-full/doi_10_7910/DVN/PDGOZ0/V4_Data_Archive.zip::shapefiles/v4_gns_ningxia_gbk.zip::v4_gns_ningxia_gbk.shp
shapefile	chgis	v4_gns_qinghai_gbk	harvard-full/doi_10_7910/DVN/PDGOZ0/V4_Data_Archive.zip::shapefiles/v4_gns_qinghai_gbk.zip::v4_gns_qinghai_gbk.shp
shapefile	chgis	v4_gns_shaanxi_gbk	harvard-full/doi_10_7910/DVN/PDGOZ0/V4_Data_Archive.zip::shapefiles/v4_gns_shaanxi_gbk.zip::v4_gns_shaanxi_gbk.shp
shapefile	chgis	v4_gns_shandong_gbk	harvard-full/doi_10_7910/DVN/PDGOZ0/V4_Data_Archive.zip::shapefiles/v4_gns_shandong_gbk.zip::v4_gns_shandong_gbk.shp
shapefile	chgis	v4_gns_shanghai_gbk	harvard-full/doi_10_7910/DVN/PDGOZ0/V4_Data_Archive.zip::shapefiles/v4_gns_shanghai_gbk.zip::v4_gns_shanghai_gbk.shp
shapefile	chgis	v4_gns_shanxi_gbk	harvard-full/doi_10_7910/DVN/PDGOZ0/V4_Data_Archive.zip::shapefiles/v4_gns_shanxi_gbk.zip::v4_gns_shanxi_gbk.shp
shapefile	chgis	v4_gns_sichuan_gbk	harvard-full/doi_10_7910/DVN/PDGOZ0/V4_Data_Archive.zip::shapefiles/v4_gns_sichuan_gbk.zip::v4_gns_sichuan_gbk.shp
shapefile	chgis	v4_gns_tianjin_gbk	harvard-full/doi_10_7910/DVN/PDGOZ0/V4_Data_Archive.zip::shapefiles/v4_gns_tianjin_gbk.zip::v4_gns_tianjin_gbk.shp
shapefile	chgis	v4_gns_tibet_gbk	harvard-full/doi_10_7910/DVN/PDGOZ0/V4_Data_Archive.zip::shapefiles/v4_gns_tibet_gbk.zip::v4_gns_tibet_gbk.shp
shapefile	chgis	v4_gns_xinjiang_gbk	harvard-full/doi_10_7910/DVN/PDGOZ0/V4_Data_Archive.zip::shapefiles/v4_gns_xinjiang_gbk.zip::v4_gns_xinjiang_gbk.shp
shapefile	chgis	v4_gns_yunnan_gbk	harvard-full/doi_10_7910/DVN/PDGOZ0/V4_Data_Archive.zip::shapefiles/v4_gns_yunnan_gbk.zip::v4_gns_yunnan_gbk.shp
shapefile	chgis	v4_gns_zhejiang_gbk	harvard-full/doi_10_7910/DVN/PDGOZ0/V4_Data_Archive.zip::shapefiles/v4_gns_zhejiang_gbk.zip::v4_gns_zhejiang_gbk.shp
shapefile	chgis	v4_nima_mtns_pts	harvard-full/doi_10_7910/DVN/PDGOZ0/V4_Data_Archive.zip::shapefiles/v4_nima_mtns_pts.zip::v4_nima_mtns_pts.shp
shapefile	chgis	v4_nima_rocks_pts	harvard-full/doi_10_7910/DVN/PDGOZ0/V4_Data_Archive.zip::shapefiles/v4_nima_rocks_pts.zip::v4_nima_rocks_pts.shp
shapefile	chgis	v4_ras_1871_neimeng_pts	harvard-full/doi_10_7910/DVN/PDGOZ0/V4_Data_Archive.zip::shapefiles/v4_ras_1871_neimeng_pts.zip::v4_ras_1871_neimeng_pts.shp
shapefile	chgis	v4_ras_1876_xinjiang_pts	harvard-full/doi_10_7910/DVN/PDGOZ0/V4_Data_Archive.zip::shapefiles/v4_ras_1876_xinjiang_pts.zip::v4_ras_1876_xinjiang_pts.shp
shapefile	chgis	v4_ras_1884_qinghai_pts	harvard-full/doi_10_7910/DVN/PDGOZ0/V4_Data_Archive.zip::shapefiles/v4_ras_1884_qinghai_pts.zip::v4_ras_1884_qinghai_pts.shp
shapefile	chgis	v4_ras_1884_tarim_pts	harvard-full/doi_10_7910/DVN/PDGOZ0/V4_Data_Archive.zip::shapefiles/v4_ras_1884_tarim_pts.zip::v4_ras_1884_tarim_pts.shp
shapefile	chgis	v4_ras_1899_meng_kham_pts	harvard-full/doi_10_7910/DVN/PDGOZ0/V4_Data_Archive.zip::shapefiles/v4_ras_1899_meng_kham_pts.zip::v4_ras_1899_meng_kham_pts.shp
shapefile	chgis	v4_ras_1900_tibet_kham_pts	harvard-full/doi_10_7910/DVN/PDGOZ0/V4_Data_Archive.zip::shapefiles/v4_ras_1900_tibet_kham_pts.zip::v4_ras_1900_tibet_kham_pts.shp
shapefile	chgis	v4_ras_1904_tibet_pts	harvard-full/doi_10_7910/DVN/PDGOZ0/V4_Data_Archive.zip::shapefiles/v4_ras_1904_tibet_pts.zip::v4_ras_1904_tibet_pts.shp
shapefile	chgis	v4_time_cnty_pts_gbk	harvard-full/doi_10_7910/DVN/PDGOZ0/V4_Data_Archive.zip::shapefiles/v4_time_cnty_pts_gbk.zip::v4_time_cnty_pts_gbk.shp
shapefile	chgis	v4_time_cnty_pts_utf	harvard-full/doi_10_7910/DVN/PDGOZ0/V4_Data_Archive.zip::shapefiles/v4_time_cnty_pts_utf.zip::v4_time_cnty_pts_utf.shp
shapefile	chgis	v4_time_pref_pgn_gbk	harvard-full/doi_10_7910/DVN/PDGOZ0/V4_Data_Archive.zip::shapefiles/v4_time_pref_pgn_gbk.zip::v4_time_pref_pgn_gbk.shp
shapefile	chgis	v4_time_pref_pgn_utf	harvard-full/doi_10_7910/DVN/PDGOZ0/V4_Data_Archive.zip::shapefiles/v4_time_pref_pgn_utf.zip::v4_time_pref_pgn_utf.shp
shapefile	chgis	v4_time_pref_pts_gbk	harvard-full/doi_10_7910/DVN/PDGOZ0/V4_Data_Archive.zip::shapefiles/v4_time_pref_pts_gbk.zip::v4_time_pref_pts_gbk.shp
shapefile	chgis	v4_time_pref_pts_utf	harvard-full/doi_10_7910/DVN/PDGOZ0/V4_Data_Archive.zip::shapefiles/v4_time_pref_pts_utf.zip::v4_time_pref_pts_utf.shp
shapefile	chgis	v4_time_prov_pgn_gbk	harvard-full/doi_10_7910/DVN/PDGOZ0/V4_Data_Archive.zip::shapefiles/v4_time_prov_pgn_gbk.zip::v4_time_prov_pgn_gbk.shp
shapefile	chgis	v4_time_prov_pgn_utf	harvard-full/doi_10_7910/DVN/PDGOZ0/V4_Data_Archive.zip::shapefiles/v4_time_prov_pgn_utf.zip::v4_time_prov_pgn_utf.shp
shapefile	chgis	v4_time_prov_pts_gbk	harvard-full/doi_10_7910/DVN/PDGOZ0/V4_Data_Archive.zip::shapefiles/v4_time_prov_pts_gbk.zip::v4_time_prov_pts_gbk.shp
shapefile	chgis	v4_time_prov_pts_utf	harvard-full/doi_10_7910/DVN/PDGOZ0/V4_Data_Archive.zip::shapefiles/v4_time_prov_pts_utf.zip::v4_time_prov_pts_utf.shp
shapefile	chgis	v4_time_reg_pgn_gbk	harvard-full/doi_10_7910/DVN/PDGOZ0/V4_Data_Archive.zip::shapefiles/v4_time_reg_pgn_gbk.zip::v4_time_reg_pgn_gbk.shp
shapefile	chgis	v4_time_reg_pgn_utf	harvard-full/doi_10_7910/DVN/PDGOZ0/V4_Data_Archive.zip::shapefiles/v4_time_reg_pgn_utf.zip::v4_time_reg_pgn_utf.shp
shapefile	chgis	v4_time_reg_pts_gbk	harvard-full/doi_10_7910/DVN/PDGOZ0/V4_Data_Archive.zip::shapefiles/v4_time_reg_pts_gbk.zip::v4_time_reg_pts_gbk.shp
shapefile	chgis	v4_time_reg_pts_utf	harvard-full/doi_10_7910/DVN/PDGOZ0/V4_Data_Archive.zip::shapefiles/v4_time_reg_pts_utf.zip::v4_time_reg_pts_utf.shp
shapefile	chgis	v3_arc_china_index	harvard-full/doi_10_7910/DVN/PJ8D45/arc_china_tile_index.zip::v3_arc_china_index.zip::v3_arc_china_index.shp
shapefile	chgis	v4_arc_china_index	harvard-full/doi_10_7910/DVN/PJ8D45/arc_china_tile_index.zip::v4_arc_china_index.zip::v4_arc_china_index.shp
shapefile	chgis	eastasia1871_przh_1251	harvard-full/doi_10_7910/DVN/RXP4AA/eastasia1871_przh_ru.zip::1_eastasia1871_przh_ru/eastasia1871_przh_1251.shp
shapefile	chgis	eastasia1871_przh_utf8	harvard-full/doi_10_7910/DVN/RXP4AA/eastasia1871_przh_ru.zip::1_eastasia1871_przh_ru/eastasia1871_przh_utf8.shp
shapefile	chgis	Ming_Routes_2016	harvard-full/doi_10_7910/DVN/SB8ZTM/Ming_Routes_2016.zip::Ming_Routes_2016.shp
shapefile	chgis	Ming_Stations_2016	harvard-full/doi_10_7910/DVN/SB8ZTM/Ming_Stations_2016.zip::Ming_Stations_2016.shp
shapefile	chgis	v6_1820_cnty_pts_utf	harvard-full/doi_10_7910/DVN/ST5KKM/v6_1820_cnty_pts_utf.zip::v6_1820_cnty_pts_utf.shp
shapefile	chgis	v6_1820_coded_rvr_lin_utf	harvard-full/doi_10_7910/DVN/ST5KKM/v6_1820_coded_rvr_lin_utf.zip::v6_1820_coded_rvr_lin_utf.shp
shapefile	chgis	v6_1820_lks_pgn_utf	harvard-full/doi_10_7910/DVN/ST5KKM/v6_1820_lks_pgn_utf.zip::v6_1820_lks_pgn_utf.shp
shapefile	chgis	v6_1820_pref_pgn_utf	harvard-full/doi_10_7910/DVN/ST5KKM/v6_1820_pref_pgn_utf.zip::v6_1820_pref_pgn_utf.shp
shapefile	chgis	v6_1820_pref_pts_utf	harvard-full/doi_10_7910/DVN/ST5KKM/v6_1820_pref_pts_utf.zip::v6_1820_pref_pts_utf.shp
shapefile	chgis	v6_1820_prov_pgn_utf	harvard-full/doi_10_7910/DVN/ST5KKM/v6_1820_prov_pgn_utf.zip::v6_1820_prov_pgn_utf.shp
shapefile	chgis	v6_1820_prov_pts_utf	harvard-full/doi_10_7910/DVN/ST5KKM/v6_1820_prov_pts_utf.zip::v6_1820_prov_pts_utf.shp
shapefile	chgis	v6_1820_twn_pts_utf	harvard-full/doi_10_7910/DVN/ST5KKM/v6_1820_twn_pts_utf.zip::v6_1820_twn_pts_utf.shp
shapefile	chgis	v6_citas90_cnty_pgn_gbk	harvard-full/doi_10_7910/DVN/T27RQO/v6_citas90_cnty_pgn_gbk.zip::v6_citas90_cnty_pgn_gbk.shp
shapefile	chgis	v6_citas90_pref_pgn_gbk	harvard-full/doi_10_7910/DVN/T27RQO/v6_citas90_pref_pgn_gbk.zip::v6_citas90_pref_pgn_gbk.shp
shapefile	chgis	v6_citas90_prov_pgn_gbk	harvard-full/doi_10_7910/DVN/T27RQO/v6_citas90_prov_pgn_gbk.zip::v6_citas90_prov_pgn_gbk.shp
shapefile	chgis	BGIS_v1-1_20130306	harvard-full/doi_10_7910/DVN/VAYEUZ/BGIS_v1-1_20130306.zip::BGIS_v1-1_20130306.shp
shapefile	chgis	TeaHorse_Major_Routes__2016-04-08	harvard-full/doi_10_7910/DVN/VJHPVK/TeaHorse_Major_Routes__2016-04-08.zip::TeaHorse_Major_Routes__2016-04-08.shp
shapefile	chgis	TeaHorse_Minor_Routes_2016-04-08	harvard-full/doi_10_7910/DVN/VJHPVK/TeaHorse_Minor_Routes_2016-04-08.zip::TeaHorse_Minor_Routes_2016-04-08.shp
shapefile	chgis	TeaHorse_Nodes_2016-04-08	harvard-full/doi_10_7910/DVN/VJHPVK/TeaHorse_Nodes_2016-04-08.zip::TeaHorse_Nodes_2016-04-08.shp
shapefile	chgis	Tibet_Monasteries_UTF8_v1_20120702	harvard-full/doi_10_7910/DVN/W6PFXR/Tibet_Monasteries_TBRC_V1_2013.zip::Tibet_Monasteries_UTF8_v1_20120702.shp
shapefile	chgis	TBRC_Major_Monasteries_2014	harvard-full/doi_10_7910/DVN/W6PFXR/Tibet_Monasteries_TBRC_V2_2014.zip::TBRC_Major_Monasteries_2014.shp
shapefile	chgis	TBRC_Minor_Monasteries_2014	harvard-full/doi_10_7910/DVN/W6PFXR/Tibet_Monasteries_TBRC_V2_2014.zip::TBRC_Minor_Monasteries_2014.shp
shapefile	chgis	TBRC_Printeries_2014	harvard-full/doi_10_7910/DVN/W6PFXR/Tibet_Monasteries_TBRC_V2_2014.zip::TBRC_Printeries_2014.shp
shapefile	chgis	eastasia1871_przh_ru	harvard-full/doi_10_7910/DVN/ZZKZ6U/CHGIS_V2.zip::shapefiles/russ_1871_neimeng_pts.ZIP::eastasia1871_przh_ru.shp
shapefile	chgis	ca1876route_przh_ru	harvard-full/doi_10_7910/DVN/ZZKZ6U/CHGIS_V2.zip::shapefiles/russ_1876_xinjiang_pts.ZIP::ca1876route_przh_ru.shp
shapefile	chgis	ca1884_przh_ru	harvard-full/doi_10_7910/DVN/ZZKZ6U/CHGIS_V2.zip::shapefiles/russ_1884_qinghai_pts.ZIP::ca1884_przh_ru.shp
shapefile	chgis	ca1884route_przh_ru	harvard-full/doi_10_7910/DVN/ZZKZ6U/CHGIS_V2.zip::shapefiles/russ_1884_tarim_pts.ZIP::ca1884route_przh_ru.shp
shapefile	chgis	mk1899_koz_ru	harvard-full/doi_10_7910/DVN/ZZKZ6U/CHGIS_V2.zip::shapefiles/russ_1899_mk_pts.ZIP::mk1899_koz_ru.shp
shapefile	chgis	kam1900_koz_ru	harvard-full/doi_10_7910/DVN/ZZKZ6U/CHGIS_V2.zip::shapefiles/russ_1900_kham_pts.ZIP::kam1900_koz_ru.shp
shapefile	chgis	tib1900_pdb_ru	harvard-full/doi_10_7910/DVN/ZZKZ6U/CHGIS_V2.zip::shapefiles/russ_1904_tibet_pts.ZIP::tib1900_pdb_ru.shp
shapefile	chgis	v1_1820_thu_cnty_pgn_gb	harvard-full/doi_10_7910/DVN/ZZKZ6U/CHGIS_V2.zip::shapefiles/v2_1820_cnty_pgn_gb.ZIP::v1_1820_thu_cnty_pgn_gb.shp
shapefile	chgis	v1_1820_thu_cnty_pgn_utf	harvard-full/doi_10_7910/DVN/ZZKZ6U/CHGIS_V2.zip::shapefiles/v2_1820_cnty_pgn_utf.ZIP::v1_1820_thu_cnty_pgn_utf.shp
shapefile	chgis	v2_1820_cnty_pts_gb	harvard-full/doi_10_7910/DVN/ZZKZ6U/CHGIS_V2.zip::shapefiles/v2_1820_cnty_pts_gb.ZIP::v2_1820_cnty_pts_gb.shp
shapefile	chgis	v2_1820_cnty_pts_utf	harvard-full/doi_10_7910/DVN/ZZKZ6U/CHGIS_V2.zip::shapefiles/v2_1820_cnty_pts_utf.ZIP::v2_1820_cnty_pts_utf.shp
shapefile	chgis	chgis_v1_cst_lin	harvard-full/doi_10_7910/DVN/ZZKZ6U/CHGIS_V2.zip::shapefiles/v2_1820_cst_lin_av.ZIP::chgis_v1_cst_lin.shp
shapefile	chgis	v2_1820_lks_pgn_gb	harvard-full/doi_10_7910/DVN/ZZKZ6U/CHGIS_V2.zip::shapefiles/v2_1820_lks_pgn_gb.ZIP::v2_1820_lks_pgn_gb.shp
shapefile	chgis	v2_1820_lks_pgn_utf	harvard-full/doi_10_7910/DVN/ZZKZ6U/CHGIS_V2.zip::shapefiles/v2_1820_lks_pgn_utf.ZIP::v2_1820_lks_pgn_utf.shp
shapefile	chgis	v2_1820_pref_pgn_gb	harvard-full/doi_10_7910/DVN/ZZKZ6U/CHGIS_V2.zip::shapefiles/v2_1820_pref_pgn_gb.ZIP::v2_1820_pref_pgn_gb.shp
shapefile	chgis	v2_1820_pref_pgn_utf	harvard-full/doi_10_7910/DVN/ZZKZ6U/CHGIS_V2.zip::shapefiles/v2_1820_pref_pgn_utf.ZIP::v2_1820_pref_pgn_utf.shp
shapefile	chgis	v2_1820_pref_pts_gb	harvard-full/doi_10_7910/DVN/ZZKZ6U/CHGIS_V2.zip::shapefiles/v2_1820_pref_pts_gb.ZIP::v2_1820_pref_pts_gb.shp
shapefile	chgis	v2_1820_pref_pts_utf	harvard-full/doi_10_7910/DVN/ZZKZ6U/CHGIS_V2.zip::shapefiles/v2_1820_pref_pts_utf.ZIP::v2_1820_pref_pts_utf.shp
shapefile	chgis	v2_1820_prov_pgn_gb	harvard-full/doi_10_7910/DVN/ZZKZ6U/CHGIS_V2.zip::shapefiles/v2_1820_prov_pgn_gb.ZIP::v2_1820_prov_pgn_gb.shp
shapefile	chgis	v2_1820_prov_pgn_utf	harvard-full/doi_10_7910/DVN/ZZKZ6U/CHGIS_V2.zip::shapefiles/v2_1820_prov_pgn_utf.ZIP::v2_1820_prov_pgn_utf.shp
shapefile	chgis	v2_1820_prov_pts_gb	harvard-full/doi_10_7910/DVN/ZZKZ6U/CHGIS_V2.zip::shapefiles/v2_1820_prov_pts_gb.ZIP::v2_1820_prov_pts_gb.shp
shapefile	chgis	v2_1820_prov_pts_utf	harvard-full/doi_10_7910/DVN/ZZKZ6U/CHGIS_V2.zip::shapefiles/v2_1820_prov_pts_utf.ZIP::v2_1820_prov_pts_utf.shp
shapefile	chgis	v2_1820_rvr_lin_gb	harvard-full/doi_10_7910/DVN/ZZKZ6U/CHGIS_V2.zip::shapefiles/v2_1820_rvr_lin_gb.ZIP::v2_1820_rvr_lin_gb.shp
shapefile	chgis	v2_1820_rvr_lin_utf	harvard-full/doi_10_7910/DVN/ZZKZ6U/CHGIS_V2.zip::shapefiles/v2_1820_rvr_lin_utf.ZIP::v2_1820_rvr_lin_utf.shp
shapefile	chgis	v2_1820_twn_pts_gb	harvard-full/doi_10_7910/DVN/ZZKZ6U/CHGIS_V2.zip::shapefiles/v2_1820_twn_pts_gb.ZIP::v2_1820_twn_pts_gb.shp
shapefile	chgis	v2_1820_twn_pts_utf	harvard-full/doi_10_7910/DVN/ZZKZ6U/CHGIS_V2.zip::shapefiles/v2_1820_twn_pts_utf.ZIP::v2_1820_twn_pts_utf.shp
shapefile	chgis	v2_1911_cnty_pgn	harvard-full/doi_10_7910/DVN/ZZKZ6U/CHGIS_V2.zip::shapefiles/v2_1911_cnty_pgn_gb.ZIP::v2_1911_cnty_pgn.shp
shapefile	chgis	v2_1911_cnty_pgn_utf	harvard-full/doi_10_7910/DVN/ZZKZ6U/CHGIS_V2.zip::shapefiles/v2_1911_cnty_pgn_utf.ZIP::v2_1911_cnty_pgn_utf.shp
shapefile	chgis	v2_1911_cnty_pts	harvard-full/doi_10_7910/DVN/ZZKZ6U/CHGIS_V2.zip::shapefiles/v2_1911_cnty_pts_gb.ZIP::v2_1911_cnty_pts.shp
shapefile	chgis	v2_1911_cnty_pts_utf	harvard-full/doi_10_7910/DVN/ZZKZ6U/CHGIS_V2.zip::shapefiles/v2_1911_cnty_pts_utf.ZIP::v2_1911_cnty_pts_utf.shp
shapefile	chgis	v2_1911_pref_pgn	harvard-full/doi_10_7910/DVN/ZZKZ6U/CHGIS_V2.zip::shapefiles/v2_1911_pref_pgn_gb.ZIP::v2_1911_pref_pgn.shp
shapefile	chgis	v2_1911_pref_pgn_utf	harvard-full/doi_10_7910/DVN/ZZKZ6U/CHGIS_V2.zip::shapefiles/v2_1911_pref_pgn_utf.ZIP::v2_1911_pref_pgn_utf.shp
shapefile	chgis	v2_1911_pref_pts	harvard-full/doi_10_7910/DVN/ZZKZ6U/CHGIS_V2.zip::shapefiles/v2_1911_pref_pts_gb.ZIP::v2_1911_pref_pts.shp
shapefile	chgis	v2_1911_pref_pts_utf	harvard-full/doi_10_7910/DVN/ZZKZ6U/CHGIS_V2.zip::shapefiles/v2_1911_pref_pts_utf.ZIP::v2_1911_pref_pts_utf.shp
shapefile	chgis	v2_1911_prov_pgn	harvard-full/doi_10_7910/DVN/ZZKZ6U/CHGIS_V2.zip::shapefiles/v2_1911_prov_pgn_gb.ZIP::v2_1911_prov_pgn.shp
shapefile	chgis	v2_1911_prov_pgn_utf	harvard-full/doi_10_7910/DVN/ZZKZ6U/CHGIS_V2.zip::shapefiles/v2_1911_prov_pgn_utf.ZIP::v2_1911_prov_pgn_utf.shp
shapefile	chgis	v2_1911_prov_pts	harvard-full/doi_10_7910/DVN/ZZKZ6U/CHGIS_V2.zip::shapefiles/v2_1911_prov_pts_gb.ZIP::v2_1911_prov_pts.shp
shapefile	chgis	v2_1911_prov_pts_utf	harvard-full/doi_10_7910/DVN/ZZKZ6U/CHGIS_V2.zip::shapefiles/v2_1911_prov_pts_utf.ZIP::v2_1911_prov_pts_utf.shp
shapefile	chgis	v2_1911_twn_pts	harvard-full/doi_10_7910/DVN/ZZKZ6U/CHGIS_V2.zip::shapefiles/v2_1911_twn_pts_gb.ZIP::v2_1911_twn_pts.shp
shapefile	chgis	v2_1911_twn_pts_utf	harvard-full/doi_10_7910/DVN/ZZKZ6U/CHGIS_V2.zip::shapefiles/v2_1911_twn_pts_utf.ZIP::v2_1911_twn_pts_utf.shp
shapefile	chgis	v2_beijing_pgn_utf	harvard-full/doi_10_7910/DVN/ZZKZ6U/CHGIS_V2.zip::shapefiles/v2_beijing_sites_pgn_av.ZIP::v2_beijing_pgn_utf.shp
shapefile	chgis	v2_dcw_contour_lin	harvard-full/doi_10_7910/DVN/ZZKZ6U/CHGIS_V2.zip::shapefiles/v2_dcw_contour_lin_av.ZIP::v2_dcw_contour_lin.shp
shapefile	chgis	v2_dcw_rds_lin	harvard-full/doi_10_7910/DVN/ZZKZ6U/CHGIS_V2.zip::shapefiles/v2_dcw_rds_lin_av.ZIP::v2_dcw_rds_lin.shp
shapefile	chgis	nima_mtns_v1	harvard-full/doi_10_7910/DVN/ZZKZ6U/CHGIS_V2.zip::shapefiles/v2_nima_mtns_pts_av.ZIP::nima_mtns_v1.shp
shapefile	chgis	nima_cst_v1	harvard-full/doi_10_7910/DVN/ZZKZ6U/CHGIS_V2.zip::shapefiles/v2_nima_rocks_pts_av.ZIP::nima_cst_v1.shp
shapefile	chgis	v2_time_cnty_pgn_gb	harvard-full/doi_10_7910/DVN/ZZKZ6U/CHGIS_V2.zip::shapefiles/v2_time_cnty_pgn_gb.ZIP::v2_time_cnty_pgn_gb.shp
shapefile	chgis	v2_time_cnty_pgn_utf	harvard-full/doi_10_7910/DVN/ZZKZ6U/CHGIS_V2.zip::shapefiles/v2_time_cnty_pgn_utf.ZIP::v2_time_cnty_pgn_utf.shp
shapefile	chgis	v2_time_cnty_pts_gb	harvard-full/doi_10_7910/DVN/ZZKZ6U/CHGIS_V2.zip::shapefiles/v2_time_cnty_pts_gb.ZIP::v2_time_cnty_pts_gb.shp
shapefile	chgis	v2_time_cnty_pts_utf	harvard-full/doi_10_7910/DVN/ZZKZ6U/CHGIS_V2.zip::shapefiles/v2_time_cnty_pts_utf.ZIP::v2_time_cnty_pts_utf.shp
shapefile	chgis	v2_time_pref_pgn_gb	harvard-full/doi_10_7910/DVN/ZZKZ6U/CHGIS_V2.zip::shapefiles/v2_time_pref_pgn_gb.ZIP::v2_time_pref_pgn_gb.shp
shapefile	chgis	v2_time_pref_pgn_utf	harvard-full/doi_10_7910/DVN/ZZKZ6U/CHGIS_V2.zip::shapefiles/v2_time_pref_pgn_utf.ZIP::v2_time_pref_pgn_utf.shp
shapefile	chgis	v2_time_pref_pts_gb	harvard-full/doi_10_7910/DVN/ZZKZ6U/CHGIS_V2.zip::shapefiles/v2_time_pref_pts_gb.ZIP::v2_time_pref_pts_gb.shp
shapefile	chgis	v2_time_pref_pts_utf	harvard-full/doi_10_7910/DVN/ZZKZ6U/CHGIS_V2.zip::shapefiles/v2_time_pref_pts_utf.ZIP::v2_time_pref_pts_utf.shp
shapefile	chgis	v2_time_prov_pgn_gb	harvard-full/doi_10_7910/DVN/ZZKZ6U/CHGIS_V2.zip::shapefiles/v2_time_prov_pgn_gb.ZIP::v2_time_prov_pgn_gb.shp
shapefile	chgis	v2_time_prov_pgn_utf	harvard-full/doi_10_7910/DVN/ZZKZ6U/CHGIS_V2.zip::shapefiles/v2_time_prov_pgn_utf.ZIP::v2_time_prov_pgn_utf.shp
shapefile	chgis	v2_time_prov_pts_gb	harvard-full/doi_10_7910/DVN/ZZKZ6U/CHGIS_V2.zip::shapefiles/v2_time_prov_pts_gb.ZIP::v2_time_prov_pts_gb.shp
shapefile	chgis	v2_time_prov_pts_utf	harvard-full/doi_10_7910/DVN/ZZKZ6U/CHGIS_V2.zip::shapefiles/v2_time_prov_pts_utf.ZIP::v2_time_prov_pts_utf.shp
shapefile	chgis	v2_time_reg_pgn_gb	harvard-full/doi_10_7910/DVN/ZZKZ6U/CHGIS_V2.zip::shapefiles/v2_time_reg_pgn_gb.ZIP::v2_time_reg_pgn_gb.shp
shapefile	chgis	v2_time_reg_pgn_utf	harvard-full/doi_10_7910/DVN/ZZKZ6U/CHGIS_V2.zip::shapefiles/v2_time_reg_pgn_utf.ZIP::v2_time_reg_pgn_utf.shp
shapefile	chgis	v2_time_reg_pts_gb	harvard-full/doi_10_7910/DVN/ZZKZ6U/CHGIS_V2.zip::shapefiles/v2_time_reg_pts_gb.ZIP::v2_time_reg_pts_gb.shp
shapefile	chgis	v2_time_reg_pts_utf	harvard-full/doi_10_7910/DVN/ZZKZ6U/CHGIS_V2.zip::shapefiles/v2_time_reg_pts_utf.ZIP::v2_time_reg_pts_utf.shp
mapinfo	harv	Index_of_the_Complete_Prose_of_the_Yuan_Dynasty_vol_1-60	harvard/tab/Index_of_the_Complete_Prose_of_the_Yuan_Dynasty_vol_1-60.tab
mapinfo	harv	ACADEMY_Data	harvard/tab/ACADEMY_Data.tab
mapinfo	harv	writings of the 19c missionaries in China	harvard/tab/writings of the 19c missionaries in China.tab
mapinfo	chgis	V3_time_pref_pgn_PRC	harvard-full/doi_10_7910/DVN/HIMIVE/V3_Data_Archive.zip::shapefiles/v3_time_pref_pgn_PRC.ZIP::V3_time_pref_pgn_PRC.TAB
mapinfo	chgis	v2_1820_cnty_pts_PRC	harvard-full/doi_10_7910/DVN/HIMIVE/V3_Data_Archive.zip::mapinfo/v2_1820_cnty_pts_prc.ZIP::v2_1820_cnty_pts_PRC.TAB
mapinfo	chgis	v2_1820_cnty_pts_USA	harvard-full/doi_10_7910/DVN/HIMIVE/V3_Data_Archive.zip::mapinfo/v2_1820_cnty_pts_usa.ZIP::v2_1820_cnty_pts_USA.TAB
mapinfo	chgis	CHGIS_V1_CST_LIN	harvard-full/doi_10_7910/DVN/HIMIVE/V3_Data_Archive.zip::mapinfo/v2_1820_cst_lin_mi.ZIP::CHGIS_V1_CST_LIN.TAB
mapinfo	chgis	v2_1820_lks_pgn_prc	harvard-full/doi_10_7910/DVN/HIMIVE/V3_Data_Archive.zip::mapinfo/v2_1820_lks_pgn_prc.ZIP::v2_1820_lks_pgn_prc.TAB
mapinfo	chgis	v2_1820_lks_pgn_usa	harvard-full/doi_10_7910/DVN/HIMIVE/V3_Data_Archive.zip::mapinfo/v2_1820_lks_pgn_usa.ZIP::v2_1820_lks_pgn_usa.TAB
mapinfo	chgis	v2_1820_pref_pgn_PRC	harvard-full/doi_10_7910/DVN/HIMIVE/V3_Data_Archive.zip::mapinfo/v2_1820_pref_pgn_prc.ZIP::v2_1820_pref_pgn_PRC.TAB
mapinfo	chgis	v2_1820_pref_pgn_USA	harvard-full/doi_10_7910/DVN/HIMIVE/V3_Data_Archive.zip::mapinfo/v2_1820_pref_pgn_usa.ZIP::v2_1820_pref_pgn_USA.TAB
mapinfo	chgis	v2_1820_pref_pts_PRC	harvard-full/doi_10_7910/DVN/HIMIVE/V3_Data_Archive.zip::mapinfo/v2_1820_pref_pts_prc.ZIP::v2_1820_pref_pts_PRC.TAB
mapinfo	chgis	v2_1820_pref_pts_USA	harvard-full/doi_10_7910/DVN/HIMIVE/V3_Data_Archive.zip::mapinfo/v2_1820_pref_pts_usa.ZIP::v2_1820_pref_pts_USA.TAB
mapinfo	chgis	v2_1820_prov_pgn_PRC	harvard-full/doi_10_7910/DVN/HIMIVE/V3_Data_Archive.zip::mapinfo/v2_1820_prov_pgn_prc.ZIP::v2_1820_prov_pgn_PRC.TAB
mapinfo	chgis	v2_1820_prov_pgn_USA	harvard-full/doi_10_7910/DVN/HIMIVE/V3_Data_Archive.zip::mapinfo/v2_1820_prov_pgn_usa.ZIP::v2_1820_prov_pgn_USA.TAB
mapinfo	chgis	v2_1820_prov_pts_PRC	harvard-full/doi_10_7910/DVN/HIMIVE/V3_Data_Archive.zip::mapinfo/v2_1820_prov_pts_prc.ZIP::v2_1820_prov_pts_PRC.TAB
mapinfo	chgis	v2_1820_prov_pts_USA	harvard-full/doi_10_7910/DVN/HIMIVE/V3_Data_Archive.zip::mapinfo/v2_1820_prov_pts_usa.ZIP::v2_1820_prov_pts_USA.TAB
mapinfo	chgis	v2_1820_rvr_lin_prc	harvard-full/doi_10_7910/DVN/HIMIVE/V3_Data_Archive.zip::mapinfo/v2_1820_rvr_lin_prc.ZIP::v2_1820_rvr_lin_prc.TAB
mapinfo	chgis	v2_1820_rvr_lin_usa	harvard-full/doi_10_7910/DVN/HIMIVE/V3_Data_Archive.zip::mapinfo/v2_1820_rvr_lin_usa.ZIP::v2_1820_rvr_lin_usa.TAB
mapinfo	chgis	v2_1820_twn_pts_PRC	harvard-full/doi_10_7910/DVN/HIMIVE/V3_Data_Archive.zip::mapinfo/v2_1820_twn_pts_prc.ZIP::v2_1820_twn_pts_PRC.TAB
mapinfo	chgis	v2_1820_twn_pts_USA	harvard-full/doi_10_7910/DVN/HIMIVE/V3_Data_Archive.zip::mapinfo/v2_1820_twn_pts_usa.ZIP::v2_1820_twn_pts_USA.TAB
mapinfo	chgis	v2_time_reg_pgn_PRC	harvard-full/doi_10_7910/DVN/HIMIVE/V3_Data_Archive.zip::mapinfo/v2_time_reg_pgn_prc.ZIP::v2_time_reg_pgn_PRC.TAB
mapinfo	chgis	v2_time_reg_pgn_USA	harvard-full/doi_10_7910/DVN/HIMIVE/V3_Data_Archive.zip::mapinfo/v2_time_reg_pgn_usa.ZIP::v2_time_reg_pgn_USA.TAB
mapinfo	chgis	v2_time_reg_pts_PRC	harvard-full/doi_10_7910/DVN/HIMIVE/V3_Data_Archive.zip::mapinfo/v2_time_reg_pts_prc.ZIP::v2_time_reg_pts_PRC.TAB
mapinfo	chgis	v2_time_reg_pts_USA	harvard-full/doi_10_7910/DVN/HIMIVE/V3_Data_Archive.zip::mapinfo/v2_time_reg_pts_usa.ZIP::v2_time_reg_pts_USA.TAB
mapinfo	chgis	v3_1911_cnty_pgn_PRC	harvard-full/doi_10_7910/DVN/HIMIVE/V3_Data_Archive.zip::mapinfo/v3_1911_cnty_pgn_PRC.ZIP::v3_1911_cnty_pgn_PRC.TAB
mapinfo	chgis	v3_1911_cnty_pgn_USA	harvard-full/doi_10_7910/DVN/HIMIVE/V3_Data_Archive.zip::mapinfo/v3_1911_cnty_pgn_USA.ZIP::v3_1911_cnty_pgn_USA.TAB
mapinfo	chgis	v3_1911_cnty_pts_PRC	harvard-full/doi_10_7910/DVN/HIMIVE/V3_Data_Archive.zip::mapinfo/v3_1911_cnty_pts_PRC.ZIP::v3_1911_cnty_pts_PRC.TAB
mapinfo	chgis	v3_1911_cnty_pts_USA	harvard-full/doi_10_7910/DVN/HIMIVE/V3_Data_Archive.zip::mapinfo/v3_1911_cnty_pts_USA.ZIP::v3_1911_cnty_pts_USA.TAB
mapinfo	chgis	v3_1911_pref_pgn_PRC	harvard-full/doi_10_7910/DVN/HIMIVE/V3_Data_Archive.zip::mapinfo/v3_1911_pref_pgn_PRC.ZIP::v3_1911_pref_pgn_PRC.TAB
mapinfo	chgis	v3_1911_pref_pgn_USA	harvard-full/doi_10_7910/DVN/HIMIVE/V3_Data_Archive.zip::mapinfo/v3_1911_pref_pgn_USA.ZIP::v3_1911_pref_pgn_USA.TAB
mapinfo	chgis	v3_1911_pref_pts_PRC	harvard-full/doi_10_7910/DVN/HIMIVE/V3_Data_Archive.zip::mapinfo/v3_1911_pref_pts_PRC.ZIP::v3_1911_pref_pts_PRC.TAB
mapinfo	chgis	v3_1911_pref_pts_USA	harvard-full/doi_10_7910/DVN/HIMIVE/V3_Data_Archive.zip::mapinfo/v3_1911_pref_pts_USA.ZIP::v3_1911_pref_pts_USA.TAB
mapinfo	chgis	v3_1911_prov_pgn_PRC	harvard-full/doi_10_7910/DVN/HIMIVE/V3_Data_Archive.zip::mapinfo/v3_1911_prov_pgn_PRC.ZIP::v3_1911_prov_pgn_PRC.TAB
mapinfo	chgis	v3_1911_prov_pgn_USA	harvard-full/doi_10_7910/DVN/HIMIVE/V3_Data_Archive.zip::mapinfo/v3_1911_prov_pgn_USA.ZIP::v3_1911_prov_pgn_USA.TAB
mapinfo	chgis	v3_1911_prov_pts_PRC	harvard-full/doi_10_7910/DVN/HIMIVE/V3_Data_Archive.zip::mapinfo/v3_1911_prov_pts_PRC.ZIP::v3_1911_prov_pts_PRC.TAB
mapinfo	chgis	v3_1911_prov_pts_USA	harvard-full/doi_10_7910/DVN/HIMIVE/V3_Data_Archive.zip::mapinfo/v3_1911_prov_pts_USA.ZIP::v3_1911_prov_pts_USA.TAB
mapinfo	chgis	v3_1911_twn_pts_PRC	harvard-full/doi_10_7910/DVN/HIMIVE/V3_Data_Archive.zip::mapinfo/v3_1911_twn_pts_PRC.ZIP::v3_1911_twn_pts_PRC.TAB
mapinfo	chgis	v3_1911_twn_pts_USA	harvard-full/doi_10_7910/DVN/HIMIVE/V3_Data_Archive.zip::mapinfo/v3_1911_twn_pts_USA.ZIP::v3_1911_twn_pts_USA.TAB
mapinfo	chgis	v3_time_cnty_pts_PRC	harvard-full/doi_10_7910/DVN/HIMIVE/V3_Data_Archive.zip::mapinfo/v3_time_cnty_pts_PRC.ZIP::v3_time_cnty_pts_PRC.TAB
mapinfo	chgis	v3_time_cnty_pts_USA	harvard-full/doi_10_7910/DVN/HIMIVE/V3_Data_Archive.zip::mapinfo/v3_time_cnty_pts_USA.ZIP::v3_time_cnty_pts_USA.TAB
mapinfo	chgis	V3_time_pref_pgn_PRC	harvard-full/doi_10_7910/DVN/HIMIVE/V3_Data_Archive.zip::mapinfo/v3_time_pref_pgn_PRC.ZIP::V3_time_pref_pgn_PRC.TAB
mapinfo	chgis	V3_time_pref_pgn_USA	harvard-full/doi_10_7910/DVN/HIMIVE/V3_Data_Archive.zip::mapinfo/v3_time_pref_pgn_USA.ZIP::V3_time_pref_pgn_USA.TAB
mapinfo	chgis	v3_time_pref_pts_PRC	harvard-full/doi_10_7910/DVN/HIMIVE/V3_Data_Archive.zip::mapinfo/v3_time_pref_pts_PRC.ZIP::v3_time_pref_pts_PRC.TAB
mapinfo	chgis	v3_time_pref_pts_USA	harvard-full/doi_10_7910/DVN/HIMIVE/V3_Data_Archive.zip::mapinfo/v3_time_pref_pts_USA.ZIP::v3_time_pref_pts_USA.TAB
mapinfo	chgis	v3_time_prov_pgn_prc	harvard-full/doi_10_7910/DVN/HIMIVE/V3_Data_Archive.zip::mapinfo/v3_time_prov_pgn_prc.ZIP::v3_time_prov_pgn_prc.TAB
mapinfo	chgis	v2_time_prov_pgn_USA	harvard-full/doi_10_7910/DVN/HIMIVE/V3_Data_Archive.zip::mapinfo/v3_time_prov_pgn_usa.ZIP::v2_time_prov_pgn_USA.TAB
mapinfo	chgis	v3_time_prov_pts_prc	harvard-full/doi_10_7910/DVN/HIMIVE/V3_Data_Archive.zip::mapinfo/v3_time_prov_pts_prc.ZIP::v3_time_prov_pts_prc.TAB
mapinfo	chgis	v3_time_prov_pts_usa	harvard-full/doi_10_7910/DVN/HIMIVE/V3_Data_Archive.zip::mapinfo/v3_time_prov_pts_usa.ZIP::v3_time_prov_pts_usa.TAB
mapinfo	chgis	2001_Shanghai_0_INDEX_OF_PRESENTATIONS	harvard-full/doi_10_7910/DVN/MI56KU/2001_Shanghai_0_INDEX_OF_PRESENTATIONS.tab
mapinfo	chgis	v4_1820_cnty_pts_prc	harvard-full/doi_10_7910/DVN/PDGOZ0/V4_Data_Archive.zip::mapinfo/v4_1820_cnty_pts_prc.zip::v4_1820_cnty_pts_prc.TAB
mapinfo	chgis	v4_1820_cnty_pts_usa	harvard-full/doi_10_7910/DVN/PDGOZ0/V4_Data_Archive.zip::mapinfo/v4_1820_cnty_pts_usa.zip::v4_1820_cnty_pts_usa.TAB
mapinfo	chgis	v4_1820_coast_lin	harvard-full/doi_10_7910/DVN/PDGOZ0/V4_Data_Archive.zip::mapinfo/v4_1820_coast_lin.zip::v4_1820_coast_lin.TAB
mapinfo	chgis	v4_1820_lks_pgn_prc	harvard-full/doi_10_7910/DVN/PDGOZ0/V4_Data_Archive.zip::mapinfo/v4_1820_lks_pgn_prc.zip::v4_1820_lks_pgn_prc.TAB
mapinfo	chgis	v4_1820_lks_pgn_usa	harvard-full/doi_10_7910/DVN/PDGOZ0/V4_Data_Archive.zip::mapinfo/v4_1820_lks_pgn_usa.zip::v4_1820_lks_pgn_usa.TAB
mapinfo	chgis	v4_1820_pref_pgn_prc	harvard-full/doi_10_7910/DVN/PDGOZ0/V4_Data_Archive.zip::mapinfo/v4_1820_pref_pgn_prc.zip::v4_1820_pref_pgn_prc.TAB
mapinfo	chgis	v4_1820_pref_pgn_usa	harvard-full/doi_10_7910/DVN/PDGOZ0/V4_Data_Archive.zip::mapinfo/v4_1820_pref_pgn_usa.zip::v4_1820_pref_pgn_usa.TAB
mapinfo	chgis	v4_1820_pref_pts_prc	harvard-full/doi_10_7910/DVN/PDGOZ0/V4_Data_Archive.zip::mapinfo/v4_1820_pref_pts_prc.zip::v4_1820_pref_pts_prc.TAB
mapinfo	chgis	v4_1820_pref_pts_usa	harvard-full/doi_10_7910/DVN/PDGOZ0/V4_Data_Archive.zip::mapinfo/v4_1820_pref_pts_usa.zip::v4_1820_pref_pts_usa.TAB
mapinfo	chgis	v4_1820_prov_pgn_prc	harvard-full/doi_10_7910/DVN/PDGOZ0/V4_Data_Archive.zip::mapinfo/v4_1820_prov_pgn_prc.zip::v4_1820_prov_pgn_prc.TAB
mapinfo	chgis	v4_1820_prov_pgn_usa	harvard-full/doi_10_7910/DVN/PDGOZ0/V4_Data_Archive.zip::mapinfo/v4_1820_prov_pgn_usa.zip::v4_1820_prov_pgn_usa.TAB
mapinfo	chgis	v4_1820_prov_pts_prc	harvard-full/doi_10_7910/DVN/PDGOZ0/V4_Data_Archive.zip::mapinfo/v4_1820_prov_pts_prc.zip::v4_1820_prov_pts_prc.TAB
mapinfo	chgis	v4_1820_prov_pts_usa	harvard-full/doi_10_7910/DVN/PDGOZ0/V4_Data_Archive.zip::mapinfo/v4_1820_prov_pts_usa.zip::v4_1820_prov_pts_usa.TAB
mapinfo	chgis	v4_1820_rvr_lin_prc	harvard-full/doi_10_7910/DVN/PDGOZ0/V4_Data_Archive.zip::mapinfo/v4_1820_rvr_lin_prc.zip::v4_1820_rvr_lin_prc.TAB
mapinfo	chgis	v4_1820_rvr_lin_usa	harvard-full/doi_10_7910/DVN/PDGOZ0/V4_Data_Archive.zip::mapinfo/v4_1820_rvr_lin_usa.zip::v4_1820_rvr_lin_usa.TAB
mapinfo	chgis	v4_1820_twn_pts_prc	harvard-full/doi_10_7910/DVN/PDGOZ0/V4_Data_Archive.zip::mapinfo/v4_1820_twn_pts_prc.zip::v4_1820_twn_pts_prc.TAB
mapinfo	chgis	v4_1820_twn_pts_usa	harvard-full/doi_10_7910/DVN/PDGOZ0/V4_Data_Archive.zip::mapinfo/v4_1820_twn_pts_usa.zip::v4_1820_twn_pts_usa.TAB
mapinfo	chgis	v4_1911_cnty_pgn_prc	harvard-full/doi_10_7910/DVN/PDGOZ0/V4_Data_Archive.zip::mapinfo/v4_1911_cnty_pgn_prc.zip::v4_1911_cnty_pgn_prc.TAB
mapinfo	chgis	v4_1911_cnty_pgn_usa	harvard-full/doi_10_7910/DVN/PDGOZ0/V4_Data_Archive.zip::mapinfo/v4_1911_cnty_pgn_usa.zip::v4_1911_cnty_pgn_usa.TAB
mapinfo	chgis	v4_1911_cnty_pts_prc	harvard-full/doi_10_7910/DVN/PDGOZ0/V4_Data_Archive.zip::mapinfo/v4_1911_cnty_pts_prc.zip::v4_1911_cnty_pts_prc.TAB
mapinfo	chgis	v4_1911_cnty_pts_usa	harvard-full/doi_10_7910/DVN/PDGOZ0/V4_Data_Archive.zip::mapinfo/v4_1911_cnty_pts_usa.zip::v4_1911_cnty_pts_usa.TAB
mapinfo	chgis	v4_1911_pref_pgn_prc	harvard-full/doi_10_7910/DVN/PDGOZ0/V4_Data_Archive.zip::mapinfo/v4_1911_pref_pgn_prc.zip::v4_1911_pref_pgn_prc.TAB
mapinfo	chgis	v4_1911_pref_pgn_usa	harvard-full/doi_10_7910/DVN/PDGOZ0/V4_Data_Archive.zip::mapinfo/v4_1911_pref_pgn_usa.zip::v4_1911_pref_pgn_usa.TAB
mapinfo	chgis	v4_1911_pref_pts_prc	harvard-full/doi_10_7910/DVN/PDGOZ0/V4_Data_Archive.zip::mapinfo/v4_1911_pref_pts_prc.zip::v4_1911_pref_pts_prc.TAB
mapinfo	chgis	v4_1911_pref_pts_usa	harvard-full/doi_10_7910/DVN/PDGOZ0/V4_Data_Archive.zip::mapinfo/v4_1911_pref_pts_usa.zip::v4_1911_pref_pts_usa.TAB
mapinfo	chgis	v4_1911_prov_pgn_prc	harvard-full/doi_10_7910/DVN/PDGOZ0/V4_Data_Archive.zip::mapinfo/v4_1911_prov_pgn_prc.zip::v4_1911_prov_pgn_prc.TAB
mapinfo	chgis	v4_1911_prov_pgn_usa	harvard-full/doi_10_7910/DVN/PDGOZ0/V4_Data_Archive.zip::mapinfo/v4_1911_prov_pgn_usa.zip::v4_1911_prov_pgn_usa.TAB
mapinfo	chgis	v4_1911_prov_pts_prc	harvard-full/doi_10_7910/DVN/PDGOZ0/V4_Data_Archive.zip::mapinfo/v4_1911_prov_pts_prc.zip::v4_1911_prov_pts_prc.TAB
mapinfo	chgis	v4_1911_prov_pts_usa	harvard-full/doi_10_7910/DVN/PDGOZ0/V4_Data_Archive.zip::mapinfo/v4_1911_prov_pts_usa.zip::v4_1911_prov_pts_usa.TAB
mapinfo	chgis	v4_1911_twn_pts_prc	harvard-full/doi_10_7910/DVN/PDGOZ0/V4_Data_Archive.zip::mapinfo/v4_1911_twn_pts_prc.zip::v4_1911_twn_pts_prc.TAB
mapinfo	chgis	v4_1911_twn_pts_usa	harvard-full/doi_10_7910/DVN/PDGOZ0/V4_Data_Archive.zip::mapinfo/v4_1911_twn_pts_usa.zip::v4_1911_twn_pts_usa.TAB
mapinfo	chgis	v4_time_cnty_pts_prc	harvard-full/doi_10_7910/DVN/PDGOZ0/V4_Data_Archive.zip::mapinfo/v4_time_cnty_pts_prc.zip::v4_time_cnty_pts_prc.TAB
mapinfo	chgis	v4_time_cnty_pts_usa	harvard-full/doi_10_7910/DVN/PDGOZ0/V4_Data_Archive.zip::mapinfo/v4_time_cnty_pts_usa.zip::v4_time_cnty_pts_usa.TAB
mapinfo	chgis	v4_time_fujian_cnty_pgn_prc	harvard-full/doi_10_7910/DVN/PDGOZ0/V4_Data_Archive.zip::mapinfo/v4_time_fujian_cnty_pgn_prc.zip::v4_time_fujian_cnty_pgn_prc.TAB
mapinfo	chgis	v4_time_fujian_cnty_pgn_usa	harvard-full/doi_10_7910/DVN/PDGOZ0/V4_Data_Archive.zip::mapinfo/v4_time_fujian_cnty_pgn_usa.zip::v4_time_fujian_cnty_pgn_usa.TAB
mapinfo	chgis	v4_time_pref_pgn_prc	harvard-full/doi_10_7910/DVN/PDGOZ0/V4_Data_Archive.zip::mapinfo/v4_time_pref_pgn_prc.zip::v4_time_pref_pgn_prc.TAB
mapinfo	chgis	v4_time_pref_pgn_usa	harvard-full/doi_10_7910/DVN/PDGOZ0/V4_Data_Archive.zip::mapinfo/v4_time_pref_pgn_usa.zip::v4_time_pref_pgn_usa.TAB
mapinfo	chgis	v4_time_pref_pts_prc	harvard-full/doi_10_7910/DVN/PDGOZ0/V4_Data_Archive.zip::mapinfo/v4_time_pref_pts_prc.zip::v4_time_pref_pts_prc.TAB
mapinfo	chgis	v4_time_pref_pts_usa	harvard-full/doi_10_7910/DVN/PDGOZ0/V4_Data_Archive.zip::mapinfo/v4_time_pref_pts_usa.zip::v4_time_pref_pts_usa.TAB
mapinfo	chgis	v4_time_prov_pgn_prc	harvard-full/doi_10_7910/DVN/PDGOZ0/V4_Data_Archive.zip::mapinfo/v4_time_prov_pgn_prc.zip::v4_time_prov_pgn_prc.TAB
mapinfo	chgis	v4_time_prov_pgn_usa	harvard-full/doi_10_7910/DVN/PDGOZ0/V4_Data_Archive.zip::mapinfo/v4_time_prov_pgn_usa.zip::v4_time_prov_pgn_usa.TAB
mapinfo	chgis	v4_time_prov_pts_prc	harvard-full/doi_10_7910/DVN/PDGOZ0/V4_Data_Archive.zip::mapinfo/v4_time_prov_pts_prc.zip::v4_time_prov_pts_prc.TAB
mapinfo	chgis	v4_time_prov_pts_usa	harvard-full/doi_10_7910/DVN/PDGOZ0/V4_Data_Archive.zip::mapinfo/v4_time_prov_pts_usa.zip::v4_time_prov_pts_usa.TAB
mapinfo	chgis	v4_time_reg_pgn_prc	harvard-full/doi_10_7910/DVN/PDGOZ0/V4_Data_Archive.zip::mapinfo/v4_time_reg_pgn_prc.zip::v4_time_reg_pgn_prc.TAB
mapinfo	chgis	v4_time_reg_pgn_usa	harvard-full/doi_10_7910/DVN/PDGOZ0/V4_Data_Archive.zip::mapinfo/v4_time_reg_pgn_usa.zip::v4_time_reg_pgn_usa.TAB
mapinfo	chgis	v4_time_reg_pts_prc	harvard-full/doi_10_7910/DVN/PDGOZ0/V4_Data_Archive.zip::mapinfo/v4_time_reg_pts_prc.zip::v4_time_reg_pts_prc.TAB
mapinfo	chgis	v4_time_reg_pts_usa	harvard-full/doi_10_7910/DVN/PDGOZ0/V4_Data_Archive.zip::mapinfo/v4_time_reg_pts_usa.zip::v4_time_reg_pts_usa.TAB
mapinfo	chgis	GB_91_HZ_040201_UTF8	harvard-full/doi_10_7910/DVN/SK7KGK/GB_91_HZ_040201_UTF8.tab
mapinfo	chgis	v1_1820_thu_cnty_pgn_prc	harvard-full/doi_10_7910/DVN/ZZKZ6U/CHGIS_V2.zip::mapinfo/v2_1820_cnty_pgn_prc.ZIP::v1_1820_thu_cnty_pgn_prc.TAB
mapinfo	chgis	v1_1820_thu_cnty_pgn_usa	harvard-full/doi_10_7910/DVN/ZZKZ6U/CHGIS_V2.zip::mapinfo/v2_1820_cnty_pgn_usa.ZIP::v1_1820_thu_cnty_pgn_usa.TAB
mapinfo	chgis	v2_1820_cnty_pts_PRC	harvard-full/doi_10_7910/DVN/ZZKZ6U/CHGIS_V2.zip::mapinfo/v2_1820_cnty_pts_prc.ZIP::v2_1820_cnty_pts_PRC.TAB
mapinfo	chgis	v2_1820_cnty_pts_USA	harvard-full/doi_10_7910/DVN/ZZKZ6U/CHGIS_V2.zip::mapinfo/v2_1820_cnty_pts_usa.ZIP::v2_1820_cnty_pts_USA.TAB
mapinfo	chgis	CHGIS_V1_CST_LIN	harvard-full/doi_10_7910/DVN/ZZKZ6U/CHGIS_V2.zip::mapinfo/v2_1820_cst_lin_mi.ZIP::CHGIS_V1_CST_LIN.TAB
mapinfo	chgis	v2_1820_lks_pgn_prc	harvard-full/doi_10_7910/DVN/ZZKZ6U/CHGIS_V2.zip::mapinfo/v2_1820_lks_pgn_prc.ZIP::v2_1820_lks_pgn_prc.TAB
mapinfo	chgis	v2_1820_lks_pgn_usa	harvard-full/doi_10_7910/DVN/ZZKZ6U/CHGIS_V2.zip::mapinfo/v2_1820_lks_pgn_usa.ZIP::v2_1820_lks_pgn_usa.TAB
mapinfo	chgis	v2_1820_pref_pgn_PRC	harvard-full/doi_10_7910/DVN/ZZKZ6U/CHGIS_V2.zip::mapinfo/v2_1820_pref_pgn_prc.ZIP::v2_1820_pref_pgn_PRC.TAB
mapinfo	chgis	v2_1820_pref_pgn_USA	harvard-full/doi_10_7910/DVN/ZZKZ6U/CHGIS_V2.zip::mapinfo/v2_1820_pref_pgn_usa.ZIP::v2_1820_pref_pgn_USA.TAB
mapinfo	chgis	v2_1820_pref_pts_PRC	harvard-full/doi_10_7910/DVN/ZZKZ6U/CHGIS_V2.zip::mapinfo/v2_1820_pref_pts_prc.ZIP::v2_1820_pref_pts_PRC.TAB
mapinfo	chgis	v2_1820_pref_pts_USA	harvard-full/doi_10_7910/DVN/ZZKZ6U/CHGIS_V2.zip::mapinfo/v2_1820_pref_pts_usa.ZIP::v2_1820_pref_pts_USA.TAB
mapinfo	chgis	v2_1820_prov_pgn_PRC	harvard-full/doi_10_7910/DVN/ZZKZ6U/CHGIS_V2.zip::mapinfo/v2_1820_prov_pgn_prc.ZIP::v2_1820_prov_pgn_PRC.TAB
mapinfo	chgis	v2_1820_prov_pgn_USA	harvard-full/doi_10_7910/DVN/ZZKZ6U/CHGIS_V2.zip::mapinfo/v2_1820_prov_pgn_usa.ZIP::v2_1820_prov_pgn_USA.TAB
mapinfo	chgis	v2_1820_prov_pts_PRC	harvard-full/doi_10_7910/DVN/ZZKZ6U/CHGIS_V2.zip::mapinfo/v2_1820_prov_pts_prc.ZIP::v2_1820_prov_pts_PRC.TAB
mapinfo	chgis	v2_1820_prov_pts_USA	harvard-full/doi_10_7910/DVN/ZZKZ6U/CHGIS_V2.zip::mapinfo/v2_1820_prov_pts_usa.ZIP::v2_1820_prov_pts_USA.TAB
mapinfo	chgis	v2_1820_rvr_lin_prc	harvard-full/doi_10_7910/DVN/ZZKZ6U/CHGIS_V2.zip::mapinfo/v2_1820_rvr_lin_prc.ZIP::v2_1820_rvr_lin_prc.TAB
mapinfo	chgis	v2_1820_rvr_lin_usa	harvard-full/doi_10_7910/DVN/ZZKZ6U/CHGIS_V2.zip::mapinfo/v2_1820_rvr_lin_usa.ZIP::v2_1820_rvr_lin_usa.TAB
mapinfo	chgis	v2_1820_twn_pts_PRC	harvard-full/doi_10_7910/DVN/ZZKZ6U/CHGIS_V2.zip::mapinfo/v2_1820_twn_pts_prc.ZIP::v2_1820_twn_pts_PRC.TAB
mapinfo	chgis	v2_1820_twn_pts_USA	harvard-full/doi_10_7910/DVN/ZZKZ6U/CHGIS_V2.zip::mapinfo/v2_1820_twn_pts_usa.ZIP::v2_1820_twn_pts_USA.TAB
mapinfo	chgis	v2_1911_cnty_pgn_PRC	harvard-full/doi_10_7910/DVN/ZZKZ6U/CHGIS_V2.zip::mapinfo/v2_1911_cnty_pgn_prc.ZIP::v2_1911_cnty_pgn_PRC.TAB
mapinfo	chgis	v2_1911_cnty_pgn_USA	harvard-full/doi_10_7910/DVN/ZZKZ6U/CHGIS_V2.zip::mapinfo/v2_1911_cnty_pgn_usa.ZIP::v2_1911_cnty_pgn_USA.TAB
mapinfo	chgis	v2_1911_cnty_pts_PRC	harvard-full/doi_10_7910/DVN/ZZKZ6U/CHGIS_V2.zip::mapinfo/v2_1911_cnty_pts_prc.ZIP::v2_1911_cnty_pts_PRC.TAB
mapinfo	chgis	v2_1911_cnty_pts_USA	harvard-full/doi_10_7910/DVN/ZZKZ6U/CHGIS_V2.zip::mapinfo/v2_1911_cnty_pts_usa.ZIP::v2_1911_cnty_pts_USA.TAB
mapinfo	chgis	v2_1911_prov_pgn_PRC	harvard-full/doi_10_7910/DVN/ZZKZ6U/CHGIS_V2.zip::mapinfo/v2_1911_pref_pgn_prc.ZIP::v2_1911_prov_pgn_PRC.TAB
mapinfo	chgis	v2_1911_pref_pgn_USA	harvard-full/doi_10_7910/DVN/ZZKZ6U/CHGIS_V2.zip::mapinfo/v2_1911_pref_pgn_usa.ZIP::v2_1911_pref_pgn_USA.TAB
mapinfo	chgis	v2_1911_pref_pts_PRC	harvard-full/doi_10_7910/DVN/ZZKZ6U/CHGIS_V2.zip::mapinfo/v2_1911_pref_pts_prc.ZIP::v2_1911_pref_pts_PRC.TAB
mapinfo	chgis	v2_1911_pref_pts_USA	harvard-full/doi_10_7910/DVN/ZZKZ6U/CHGIS_V2.zip::mapinfo/v2_1911_pref_pts_usa.ZIP::v2_1911_pref_pts_USA.TAB
mapinfo	chgis	v2_1911_prov_pgn_PRC	harvard-full/doi_10_7910/DVN/ZZKZ6U/CHGIS_V2.zip::mapinfo/v2_1911_prov_pgn_prc.ZIP::v2_1911_prov_pgn_PRC.TAB
mapinfo	chgis	v2_1911_prov_pgn_USA	harvard-full/doi_10_7910/DVN/ZZKZ6U/CHGIS_V2.zip::mapinfo/v2_1911_prov_pgn_usa.ZIP::v2_1911_prov_pgn_USA.TAB
mapinfo	chgis	v2_1911_prov_pts_PRC	harvard-full/doi_10_7910/DVN/ZZKZ6U/CHGIS_V2.zip::mapinfo/v2_1911_prov_pts_prc.ZIP::v2_1911_prov_pts_PRC.TAB
mapinfo	chgis	v2_1911_prov_pts_USA	harvard-full/doi_10_7910/DVN/ZZKZ6U/CHGIS_V2.zip::mapinfo/v2_1911_prov_pts_usa.ZIP::v2_1911_prov_pts_USA.TAB
mapinfo	chgis	v2_1911_twn_pts_PRC	harvard-full/doi_10_7910/DVN/ZZKZ6U/CHGIS_V2.zip::mapinfo/v2_1911_twn_pts_prc.ZIP::v2_1911_twn_pts_PRC.TAB
mapinfo	chgis	v2_1911_twn_pts_USA	harvard-full/doi_10_7910/DVN/ZZKZ6U/CHGIS_V2.zip::mapinfo/v2_1911_twn_pts_usa.ZIP::v2_1911_twn_pts_USA.TAB
mapinfo	chgis	v2_time_cnty_pgn_PRC	harvard-full/doi_10_7910/DVN/ZZKZ6U/CHGIS_V2.zip::mapinfo/v2_time_cnty_pgn_prc.ZIP::v2_time_cnty_pgn_PRC.TAB
mapinfo	chgis	v2_time_cnty_pgn_USA	harvard-full/doi_10_7910/DVN/ZZKZ6U/CHGIS_V2.zip::mapinfo/v2_time_cnty_pgn_usa.ZIP::v2_time_cnty_pgn_USA.TAB
mapinfo	chgis	v2_time_cnty_pts_PRC	harvard-full/doi_10_7910/DVN/ZZKZ6U/CHGIS_V2.zip::mapinfo/v2_time_cnty_pts_prc.ZIP::v2_time_cnty_pts_PRC.TAB
mapinfo	chgis	v2_time_cnty_pts_USA	harvard-full/doi_10_7910/DVN/ZZKZ6U/CHGIS_V2.zip::mapinfo/v2_time_cnty_pts_usa.ZIP::v2_time_cnty_pts_USA.TAB
mapinfo	chgis	v2_time_pref_pgn_PRC	harvard-full/doi_10_7910/DVN/ZZKZ6U/CHGIS_V2.zip::mapinfo/v2_time_pref_pgn_prc.ZIP::v2_time_pref_pgn_PRC.TAB
mapinfo	chgis	v2_time_pref_pgn_USA	harvard-full/doi_10_7910/DVN/ZZKZ6U/CHGIS_V2.zip::mapinfo/v2_time_pref_pgn_usa.ZIP::v2_time_pref_pgn_USA.TAB
mapinfo	chgis	v2_time_pref_pts_PRC	harvard-full/doi_10_7910/DVN/ZZKZ6U/CHGIS_V2.zip::mapinfo/v2_time_pref_pts_prc.ZIP::v2_time_pref_pts_PRC.TAB
mapinfo	chgis	v2_time_pref_pts_USA	harvard-full/doi_10_7910/DVN/ZZKZ6U/CHGIS_V2.zip::mapinfo/v2_time_pref_pts_usa.ZIP::v2_time_pref_pts_USA.TAB
mapinfo	chgis	v2_time_prov_pgn_PRC	harvard-full/doi_10_7910/DVN/ZZKZ6U/CHGIS_V2.zip::mapinfo/v2_time_prov_pgn_prc.ZIP::v2_time_prov_pgn_PRC.TAB
mapinfo	chgis	v2_time_prov_pgn_USA	harvard-full/doi_10_7910/DVN/ZZKZ6U/CHGIS_V2.zip::mapinfo/v2_time_prov_pgn_usa.ZIP::v2_time_prov_pgn_USA.TAB
mapinfo	chgis	v2_time_prov_pts_PRC	harvard-full/doi_10_7910/DVN/ZZKZ6U/CHGIS_V2.zip::mapinfo/v2_time_prov_pts_prc.ZIP::v2_time_prov_pts_PRC.TAB
mapinfo	chgis	v2_time_prov_pts_USA	harvard-full/doi_10_7910/DVN/ZZKZ6U/CHGIS_V2.zip::mapinfo/v2_time_prov_pts_usa.ZIP::v2_time_prov_pts_USA.TAB
mapinfo	chgis	v2_time_reg_pgn_PRC	harvard-full/doi_10_7910/DVN/ZZKZ6U/CHGIS_V2.zip::mapinfo/v2_time_reg_pgn_prc.ZIP::v2_time_reg_pgn_PRC.TAB
mapinfo	chgis	v2_time_reg_pgn_USA	harvard-full/doi_10_7910/DVN/ZZKZ6U/CHGIS_V2.zip::mapinfo/v2_time_reg_pgn_usa.ZIP::v2_time_reg_pgn_USA.TAB
mapinfo	chgis	v2_time_reg_pts_PRC	harvard-full/doi_10_7910/DVN/ZZKZ6U/CHGIS_V2.zip::mapinfo/v2_time_reg_pts_prc.ZIP::v2_time_reg_pts_PRC.TAB
mapinfo	chgis	v2_time_reg_pts_USA	harvard-full/doi_10_7910/DVN/ZZKZ6U/CHGIS_V2.zip::mapinfo/v2_time_reg_pts_usa.ZIP::v2_time_reg_pts_USA.TAB
csv	chgis	MajorChinaPeriods_Lex_2015-12-21	chgis-v6/China_Periods_ReignDates.zip::MajorChinaPeriods_Lex_2015-12-21.csv
ods	chgis	MajorChinaPeriods_Lex_2015-12-21	chgis-v6/China_Periods_ReignDates.zip::MajorChinaPeriods_Lex_2015-12-21.ods
raster_img	harv	1926_01	harvard-full/doi_10_7910/DVN/23340/1926_China_Atlas.zip::1926_01.jpg
raster_img	harv	1926_02	harvard-full/doi_10_7910/DVN/23340/1926_China_Atlas.zip::1926_02.jpg
raster_img	harv	1926_03	harvard-full/doi_10_7910/DVN/23340/1926_China_Atlas.zip::1926_03.jpg
raster_img	harv	1926_04	harvard-full/doi_10_7910/DVN/23340/1926_China_Atlas.zip::1926_04.jpg
raster_img	harv	1926_05	harvard-full/doi_10_7910/DVN/23340/1926_China_Atlas.zip::1926_05.jpg
raster_img	harv	1926_06	harvard-full/doi_10_7910/DVN/23340/1926_China_Atlas.zip::1926_06.jpg
raster_img	harv	1926_07	harvard-full/doi_10_7910/DVN/23340/1926_China_Atlas.zip::1926_07.jpg
raster_img	harv	1926_08	harvard-full/doi_10_7910/DVN/23340/1926_China_Atlas.zip::1926_08.jpg
raster_img	harv	1926_09	harvard-full/doi_10_7910/DVN/23340/1926_China_Atlas.zip::1926_09.jpg
raster_img	harv	1926_10	harvard-full/doi_10_7910/DVN/23340/1926_China_Atlas.zip::1926_10.jpg
raster_img	harv	1926_11	harvard-full/doi_10_7910/DVN/23340/1926_China_Atlas.zip::1926_11.jpg
raster_img	harv	1926_12	harvard-full/doi_10_7910/DVN/23340/1926_China_Atlas.zip::1926_12.jpg
raster_img	harv	1926_13	harvard-full/doi_10_7910/DVN/23340/1926_China_Atlas.zip::1926_13.jpg
raster_img	harv	1926_14	harvard-full/doi_10_7910/DVN/23340/1926_China_Atlas.zip::1926_14.jpg
raster_img	harv	1926_15	harvard-full/doi_10_7910/DVN/23340/1926_China_Atlas.zip::1926_15.jpg
raster_img	harv	1926_16	harvard-full/doi_10_7910/DVN/23340/1926_China_Atlas.zip::1926_16.jpg
raster_img	harv	1926_17	harvard-full/doi_10_7910/DVN/23340/1926_China_Atlas.zip::1926_17.jpg
raster_img	harv	1926_18	harvard-full/doi_10_7910/DVN/23340/1926_China_Atlas.zip::1926_18.jpg
raster_img	harv	1926_19	harvard-full/doi_10_7910/DVN/23340/1926_China_Atlas.zip::1926_19.jpg
raster_img	harv	1926_21	harvard-full/doi_10_7910/DVN/23340/1926_China_Atlas.zip::1926_21.jpg
raster_img	harv	1926_22	harvard-full/doi_10_7910/DVN/23340/1926_China_Atlas.zip::1926_22.jpg
raster_img	harv	1926_23	harvard-full/doi_10_7910/DVN/23340/1926_China_Atlas.zip::1926_23.jpg
raster_img	harv	1926_24	harvard-full/doi_10_7910/DVN/23340/1926_China_Atlas.zip::1926_24.jpg
raster_img	harv	1926_25	harvard-full/doi_10_7910/DVN/23340/1926_China_Atlas.zip::1926_25.jpg
raster_img	harv	1926_26	harvard-full/doi_10_7910/DVN/23340/1926_China_Atlas.zip::1926_26.jpg
raster_img	harv	1926_27	harvard-full/doi_10_7910/DVN/23340/1926_China_Atlas.zip::1926_27.jpg
raster_img	harv	1926_28	harvard-full/doi_10_7910/DVN/23340/1926_China_Atlas.zip::1926_28.jpg
raster_img	harv	1926_back	harvard-full/doi_10_7910/DVN/23340/1926_China_Atlas.zip::1926_back.jpg
raster_img	harv	1926_cover	harvard-full/doi_10_7910/DVN/23340/1926_China_Atlas.zip::1926_cover.jpg
raster_img	harv	1926_mulu	harvard-full/doi_10_7910/DVN/23340/1926_China_Atlas.zip::1926_mulu.jpg
raster_img	harv	DCW_contours	harvard-full/doi_10_7910/DVN/25413/DCW_CHINA_contours.zip::DCW_contours.jpg
csv	harv	MingGarrisonsSheet_29jan08	harvard-full/doi_10_7910/DVN/5RUXK8/Ming_Garrisons.zip::MingGarrisonsSheet_29jan08.csv
raster_img	harv	ca1884_przh_map_source	harvard-full/doi_10_7910/DVN/ABPR9F/1884_xinjiang_qinghai.zip::4_1884_xinjiang_qinghai/ca1884_przh_map_source.png
raster_img	harv	ca1884_przh_overview	harvard-full/doi_10_7910/DVN/ABPR9F/1884_xinjiang_qinghai.zip::4_1884_xinjiang_qinghai/ca1884_przh_overview.png
raster_tif	harv	Ca1884_przh_partial	harvard-full/doi_10_7910/DVN/ABPR9F/Ca1884_przh_partial.zip::Ca1884_przh_partial.TIF
raster_tif	harv	map2_	harvard-full/doi_10_7910/DVN/ABPR9F/Ca1884_przh_ru_images.zip::map2_.TIF
raster_tif	harv	map1_	harvard-full/doi_10_7910/DVN/ABPR9F/Ca1884_przh_ru_images.zip::map1_.TIF
raster_img	harv	map2	harvard-full/doi_10_7910/DVN/ABPR9F/Ca1884_przh_ru_images.zip::map2.jpg
raster_img	harv	map1	harvard-full/doi_10_7910/DVN/ABPR9F/Ca1884_przh_ru_images.zip::map1.jpg
raster_img	harv	map3	harvard-full/doi_10_7910/DVN/ABPR9F/Ca1884_przh_ru_images.zip::map3.jpg
raster_tif	harv	map3_	harvard-full/doi_10_7910/DVN/ABPR9F/Ca1884_przh_ru_images.zip::map3_.TIF
raster_tif	chgis	chgis_dem	harvard-full/doi_10_7910/DVN/E1FHML/DEM_QGIS-3_REVISED.zip::DEM_QGIS-3_REVISED/chgis_dem.tif
raster_tif	harv	chgis_hillshade	harvard-full/doi_10_7910/DVN/E1FHML/DEM_QGIS-3_REVISED.zip::DEM_QGIS-3_REVISED/chgis_hillshade.tif
raster_img	harv	PKB_CHGIS_QGIS_V3_style	harvard-full/doi_10_7910/DVN/E1FHML/DEM_QGIS-3_REVISED.zip::DEM_QGIS-3_REVISED/PKB_CHGIS_QGIS_V3_style.jpg
raster_img	harv	ca1884_przh_overview	harvard-full/doi_10_7910/DVN/E7HDYD/1884route.zip::5_1884route/ca1884_przh_overview.png
raster_img	harv	Ca1884route_przh_ru	harvard-full/doi_10_7910/DVN/E7HDYD/1884route.zip::5_1884route/Ca1884route_przh_ru.jpg
raster_tif	harv	pdb2	harvard-full/doi_10_7910/DVN/ELTD3L/RAS_1900_pdb2_scan.zip::pdb2.TIF
raster_img	harv	mk1899_koz_overview	harvard-full/doi_10_7910/DVN/G9RKCW/mk1899_Kozlov_Monglia_Kam.zip::mk1899_koz_overview.png
raster_tif	harv	peking_1875_bretschneider	harvard-full/doi_10_7910/DVN/H4WVUP/beijing_1875.zip::peking_1875_bretschneider.tif
raster_img	harv	temple_count	harvard-full/doi_10_7910/DVN/HIMIVE/V3_Data_Archive.zip::shapefiles/chgis_tmpl_pts_utf.ZIP::temple_count.gif
raster_img	harv	v3_1871_neimeng_pts	harvard-full/doi_10_7910/DVN/HIMIVE/V3_Data_Archive.zip::shapefiles/russ_1871_neimeng_pts.ZIP::v3_1871_neimeng_pts.gif
raster_img	harv	Ca1876route_przh_ru	harvard-full/doi_10_7910/DVN/HIMIVE/V3_Data_Archive.zip::shapefiles/russ_1876_xinjiang_pts.ZIP::Ca1876route_przh_ru.jpg
raster_img	harv	v3_1876_xinjiang_pts	harvard-full/doi_10_7910/DVN/HIMIVE/V3_Data_Archive.zip::shapefiles/russ_1876_xinjiang_pts.ZIP::v3_1876_xinjiang_pts.gif
raster_img	harv	Ca1884_przh_ru	harvard-full/doi_10_7910/DVN/HIMIVE/V3_Data_Archive.zip::shapefiles/russ_1884_qinghai_pts.ZIP::Ca1884_przh_ru.jpg
raster_img	harv	1884_przh_detail	harvard-full/doi_10_7910/DVN/HIMIVE/V3_Data_Archive.zip::shapefiles/russ_1884_qinghai_pts.ZIP::1884_przh_detail.jpg
raster_img	harv	v3_1884_qing_pts	harvard-full/doi_10_7910/DVN/HIMIVE/V3_Data_Archive.zip::shapefiles/russ_1884_qinghai_pts.ZIP::v3_1884_qing_pts.gif
raster_img	harv	Ca1884route_przh_ru	harvard-full/doi_10_7910/DVN/HIMIVE/V3_Data_Archive.zip::shapefiles/russ_1884_tarim_pts.ZIP::Ca1884route_przh_ru.jpg
raster_img	harv	v3_1884_tarim_pts	harvard-full/doi_10_7910/DVN/HIMIVE/V3_Data_Archive.zip::shapefiles/russ_1884_tarim_pts.ZIP::v3_1884_tarim_pts.gif
raster_img	harv	Mk1899_koz_ru	harvard-full/doi_10_7910/DVN/HIMIVE/V3_Data_Archive.zip::shapefiles/russ_1899_mk_pts.ZIP::Mk1899_koz_ru.jpg
raster_img	harv	v3_1899_mk_pts	harvard-full/doi_10_7910/DVN/HIMIVE/V3_Data_Archive.zip::shapefiles/russ_1899_mk_pts.ZIP::v3_1899_mk_pts.gif
raster_img	harv	v3_1900_kham_pts	harvard-full/doi_10_7910/DVN/HIMIVE/V3_Data_Archive.zip::shapefiles/russ_1900_kham_pts.ZIP::v3_1900_kham_pts.gif
raster_tif	harv	pdb2	harvard-full/doi_10_7910/DVN/HIMIVE/V3_Data_Archive.zip::shapefiles/russ_1904_tibet_pts.ZIP::pdb2.TIF
raster_img	harv	v3_1904_tibet_pts	harvard-full/doi_10_7910/DVN/HIMIVE/V3_Data_Archive.zip::shapefiles/russ_1904_tibet_pts.ZIP::v3_1904_tibet_pts.gif
raster_img	harv	v3_1820_cnty_pts	harvard-full/doi_10_7910/DVN/HIMIVE/V3_Data_Archive.zip::shapefiles/v2_1820_cnty_pts_gb.ZIP::v3_1820_cnty_pts.gif
raster_img	harv	v3_1820_cnty_pts	harvard-full/doi_10_7910/DVN/HIMIVE/V3_Data_Archive.zip::shapefiles/v2_1820_cnty_pts_utf.ZIP::v3_1820_cnty_pts.gif
raster_img	harv	deqen_btm_300dpi	harvard-full/doi_10_7910/DVN/HIMIVE/V3_Data_Archive.zip::shapefiles/v2_1948_rock_maps.ZIP::large/deqen_btm_300dpi.jpg
raster_img	harv	deqen_mid_300dpi	harvard-full/doi_10_7910/DVN/HIMIVE/V3_Data_Archive.zip::shapefiles/v2_1948_rock_maps.ZIP::large/deqen_mid_300dpi.jpg
raster_img	harv	deqen_top_300dpi	harvard-full/doi_10_7910/DVN/HIMIVE/V3_Data_Archive.zip::shapefiles/v2_1948_rock_maps.ZIP::large/deqen_top_300dpi.jpg
raster_img	harv	lijiang_btm_300dpi	harvard-full/doi_10_7910/DVN/HIMIVE/V3_Data_Archive.zip::shapefiles/v2_1948_rock_maps.ZIP::large/lijiang_btm_300dpi.jpg
raster_img	harv	lijiang_mid_300dpi	harvard-full/doi_10_7910/DVN/HIMIVE/V3_Data_Archive.zip::shapefiles/v2_1948_rock_maps.ZIP::large/lijiang_mid_300dpi.jpg
raster_img	harv	lijiang_top_300dpi	harvard-full/doi_10_7910/DVN/HIMIVE/V3_Data_Archive.zip::shapefiles/v2_1948_rock_maps.ZIP::large/lijiang_top_300dpi.jpg
raster_img	harv	weixi_btm_300dpi	harvard-full/doi_10_7910/DVN/HIMIVE/V3_Data_Archive.zip::shapefiles/v2_1948_rock_maps.ZIP::large/weixi_btm_300dpi.jpg
raster_img	harv	weixi_mid_300dpi	harvard-full/doi_10_7910/DVN/HIMIVE/V3_Data_Archive.zip::shapefiles/v2_1948_rock_maps.ZIP::large/weixi_mid_300dpi.jpg
raster_img	harv	weixi_top_300dpi	harvard-full/doi_10_7910/DVN/HIMIVE/V3_Data_Archive.zip::shapefiles/v2_1948_rock_maps.ZIP::large/weixi_top_300dpi.jpg
raster_img	harv	yenyuan_btm_300dpi	harvard-full/doi_10_7910/DVN/HIMIVE/V3_Data_Archive.zip::shapefiles/v2_1948_rock_maps.ZIP::large/yenyuan_btm_300dpi.jpg
raster_img	harv	yenyuan_mid_300dpi	harvard-full/doi_10_7910/DVN/HIMIVE/V3_Data_Archive.zip::shapefiles/v2_1948_rock_maps.ZIP::large/yenyuan_mid_300dpi.jpg
raster_img	harv	yenyuan_top_300dpi	harvard-full/doi_10_7910/DVN/HIMIVE/V3_Data_Archive.zip::shapefiles/v2_1948_rock_maps.ZIP::large/yenyuan_top_300dpi.jpg
raster_img	harv	deqen_btm_med	harvard-full/doi_10_7910/DVN/HIMIVE/V3_Data_Archive.zip::shapefiles/v2_1948_rock_maps.ZIP::medium/deqen_btm_med.jpg
raster_img	harv	deqen_mid_med	harvard-full/doi_10_7910/DVN/HIMIVE/V3_Data_Archive.zip::shapefiles/v2_1948_rock_maps.ZIP::medium/deqen_mid_med.jpg
raster_img	harv	deqen_top_med	harvard-full/doi_10_7910/DVN/HIMIVE/V3_Data_Archive.zip::shapefiles/v2_1948_rock_maps.ZIP::medium/deqen_top_med.jpg
raster_img	harv	lijiang_btm_med	harvard-full/doi_10_7910/DVN/HIMIVE/V3_Data_Archive.zip::shapefiles/v2_1948_rock_maps.ZIP::medium/lijiang_btm_med.jpg
raster_img	harv	lijiang_mid_med	harvard-full/doi_10_7910/DVN/HIMIVE/V3_Data_Archive.zip::shapefiles/v2_1948_rock_maps.ZIP::medium/lijiang_mid_med.jpg
raster_img	harv	lijiang_top_med	harvard-full/doi_10_7910/DVN/HIMIVE/V3_Data_Archive.zip::shapefiles/v2_1948_rock_maps.ZIP::medium/lijiang_top_med.jpg
raster_img	harv	weixi_btm_med	harvard-full/doi_10_7910/DVN/HIMIVE/V3_Data_Archive.zip::shapefiles/v2_1948_rock_maps.ZIP::medium/weixi_btm_med.jpg
raster_img	harv	weixi_mid_med	harvard-full/doi_10_7910/DVN/HIMIVE/V3_Data_Archive.zip::shapefiles/v2_1948_rock_maps.ZIP::medium/weixi_mid_med.jpg
raster_img	harv	weixi_top_med	harvard-full/doi_10_7910/DVN/HIMIVE/V3_Data_Archive.zip::shapefiles/v2_1948_rock_maps.ZIP::medium/weixi_top_med.jpg
raster_img	harv	yenyuan_btm_med	harvard-full/doi_10_7910/DVN/HIMIVE/V3_Data_Archive.zip::shapefiles/v2_1948_rock_maps.ZIP::medium/yenyuan_btm_med.jpg
raster_img	harv	yenyuan_mid_med	harvard-full/doi_10_7910/DVN/HIMIVE/V3_Data_Archive.zip::shapefiles/v2_1948_rock_maps.ZIP::medium/yenyuan_mid_med.jpg
raster_img	harv	yenyuan_top_med	harvard-full/doi_10_7910/DVN/HIMIVE/V3_Data_Archive.zip::shapefiles/v2_1948_rock_maps.ZIP::medium/yenyuan_top_med.jpg
raster_img	harv	deqen_btm_sm	harvard-full/doi_10_7910/DVN/HIMIVE/V3_Data_Archive.zip::shapefiles/v2_1948_rock_maps.ZIP::small/deqen_btm_sm.jpg
raster_img	harv	deqen_mid_sm	harvard-full/doi_10_7910/DVN/HIMIVE/V3_Data_Archive.zip::shapefiles/v2_1948_rock_maps.ZIP::small/deqen_mid_sm.jpg
raster_img	harv	deqen_top_sm	harvard-full/doi_10_7910/DVN/HIMIVE/V3_Data_Archive.zip::shapefiles/v2_1948_rock_maps.ZIP::small/deqen_top_sm.jpg
raster_img	harv	lijiang_btm_sm	harvard-full/doi_10_7910/DVN/HIMIVE/V3_Data_Archive.zip::shapefiles/v2_1948_rock_maps.ZIP::small/lijiang_btm_sm.jpg
raster_img	harv	lijiang_mid_sm	harvard-full/doi_10_7910/DVN/HIMIVE/V3_Data_Archive.zip::shapefiles/v2_1948_rock_maps.ZIP::small/lijiang_mid_sm.jpg
raster_img	harv	lijiang_top_sm	harvard-full/doi_10_7910/DVN/HIMIVE/V3_Data_Archive.zip::shapefiles/v2_1948_rock_maps.ZIP::small/lijiang_top_sm.jpg
raster_img	harv	weixi_btm_sm	harvard-full/doi_10_7910/DVN/HIMIVE/V3_Data_Archive.zip::shapefiles/v2_1948_rock_maps.ZIP::small/weixi_btm_sm.jpg
raster_img	harv	weixi_mid_sm	harvard-full/doi_10_7910/DVN/HIMIVE/V3_Data_Archive.zip::shapefiles/v2_1948_rock_maps.ZIP::small/weixi_mid_sm.jpg
raster_img	harv	weixi_top_sm	harvard-full/doi_10_7910/DVN/HIMIVE/V3_Data_Archive.zip::shapefiles/v2_1948_rock_maps.ZIP::small/weixi_top_sm.jpg
raster_img	harv	yenyuan_btm_sm	harvard-full/doi_10_7910/DVN/HIMIVE/V3_Data_Archive.zip::shapefiles/v2_1948_rock_maps.ZIP::small/yenyuan_btm_sm.jpg
raster_img	harv	yenyuan_mid_sm	harvard-full/doi_10_7910/DVN/HIMIVE/V3_Data_Archive.zip::shapefiles/v2_1948_rock_maps.ZIP::small/yenyuan_mid_sm.jpg
raster_img	harv	yenyuan_top_sm	harvard-full/doi_10_7910/DVN/HIMIVE/V3_Data_Archive.zip::shapefiles/v2_1948_rock_maps.ZIP::small/yenyuan_top_sm.jpg
raster_tif	harv	ne_three	harvard-full/doi_10_7910/DVN/HIMIVE/V3_Data_Archive.zip::shapefiles/v2_dem_ne_three.ZIP::ne_three.tif
raster_img	harv	v3_dem_ne_three	harvard-full/doi_10_7910/DVN/HIMIVE/V3_Data_Archive.zip::shapefiles/v2_dem_ne_three.ZIP::v3_dem_ne_three.gif
raster_tif	harv	north_two	harvard-full/doi_10_7910/DVN/HIMIVE/V3_Data_Archive.zip::shapefiles/v2_dem_north_two.ZIP::north_two.tif
raster_img	harv	v3_dem_north_two	harvard-full/doi_10_7910/DVN/HIMIVE/V3_Data_Archive.zip::shapefiles/v2_dem_north_two.ZIP::v3_dem_north_two.gif
raster_tif	harv	nw_one	harvard-full/doi_10_7910/DVN/HIMIVE/V3_Data_Archive.zip::shapefiles/v2_dem_nw_one.ZIP::nw_one.tif
raster_img	harv	v3_dem_nw_one	harvard-full/doi_10_7910/DVN/HIMIVE/V3_Data_Archive.zip::shapefiles/v2_dem_nw_one.ZIP::v3_dem_nw_one.gif
raster_tif	harv	se_four	harvard-full/doi_10_7910/DVN/HIMIVE/V3_Data_Archive.zip::shapefiles/v2_dem_se_four.ZIP::se_four.tif
raster_img	harv	v3_dem_se_four	harvard-full/doi_10_7910/DVN/HIMIVE/V3_Data_Archive.zip::shapefiles/v2_dem_se_four.ZIP::v3_dem_se_four.gif
raster_tif	harv	south_five	harvard-full/doi_10_7910/DVN/HIMIVE/V3_Data_Archive.zip::shapefiles/v2_dem_south_five.ZIP::south_five.tif
raster_img	harv	v3_dem_south_five	harvard-full/doi_10_7910/DVN/HIMIVE/V3_Data_Archive.zip::shapefiles/v2_dem_south_five.ZIP::v3_dem_south_five.gif
raster_tif	harv	sw_six	harvard-full/doi_10_7910/DVN/HIMIVE/V3_Data_Archive.zip::shapefiles/v2_dem_sw_six.ZIP::sw_six.tif
raster_img	harv	v3_dem_sw_six	harvard-full/doi_10_7910/DVN/HIMIVE/V3_Data_Archive.zip::shapefiles/v2_dem_sw_six.ZIP::v3_dem_sw_six.gif
raster_img	harv	v3_1820_pref_pgn	harvard-full/doi_10_7910/DVN/HIMIVE/V3_Data_Archive.zip::shapefiles/v3_1820_pref_pgn_gb.ZIP::v3_1820_pref_pgn.gif
raster_img	harv	v3_1820_pref_pgn	harvard-full/doi_10_7910/DVN/HIMIVE/V3_Data_Archive.zip::shapefiles/v3_1820_pref_pgn_utf.ZIP::v3_1820_pref_pgn.gif
raster_img	harv	v3_1820_prov_pgn	harvard-full/doi_10_7910/DVN/HIMIVE/V3_Data_Archive.zip::shapefiles/v3_1820_prov_pgn_gb.ZIP::v3_1820_prov_pgn.gif
raster_img	harv	v3_1820_prov_pgn	harvard-full/doi_10_7910/DVN/HIMIVE/V3_Data_Archive.zip::shapefiles/v3_1820_prov_pgn_utf.ZIP::v3_1820_prov_pgn.gif
raster_img	harv	v3_1911_cnty_pgn	harvard-full/doi_10_7910/DVN/HIMIVE/V3_Data_Archive.zip::shapefiles/v3_1911_cnty_pgn_gb.ZIP::v3_1911_cnty_pgn.gif
raster_img	harv	v3_1911_cnty_pgn	harvard-full/doi_10_7910/DVN/HIMIVE/V3_Data_Archive.zip::shapefiles/v3_1911_cnty_pgn_utf.ZIP::v3_1911_cnty_pgn.gif
raster_img	harv	v3_1911_cnty_pts	harvard-full/doi_10_7910/DVN/HIMIVE/V3_Data_Archive.zip::shapefiles/v3_1911_cnty_pts_gb.ZIP::v3_1911_cnty_pts.gif
raster_img	harv	v3_1911_cnty_pts	harvard-full/doi_10_7910/DVN/HIMIVE/V3_Data_Archive.zip::shapefiles/v3_1911_cnty_pts_utf.ZIP::v3_1911_cnty_pts.gif
raster_img	harv	v3_1911_pref_pgn	harvard-full/doi_10_7910/DVN/HIMIVE/V3_Data_Archive.zip::shapefiles/v3_1911_pref_pgn_gb.ZIP::v3_1911_pref_pgn.gif
raster_img	harv	v3_1911_pref_pgn	harvard-full/doi_10_7910/DVN/HIMIVE/V3_Data_Archive.zip::shapefiles/v3_1911_pref_pgn_utf.ZIP::v3_1911_pref_pgn.gif
raster_img	harv	v3_1911_pref_pts	harvard-full/doi_10_7910/DVN/HIMIVE/V3_Data_Archive.zip::shapefiles/v3_1911_pref_pts_gb.ZIP::v3_1911_pref_pts.gif
raster_img	harv	v3_1911_pref_pts	harvard-full/doi_10_7910/DVN/HIMIVE/V3_Data_Archive.zip::shapefiles/v3_1911_pref_pts_utf.ZIP::v3_1911_pref_pts.gif
raster_img	harv	v3_1911_prov_pgn	harvard-full/doi_10_7910/DVN/HIMIVE/V3_Data_Archive.zip::shapefiles/v3_1911_prov_pgn_gb.ZIP::v3_1911_prov_pgn.gif
raster_img	harv	v3_1911_prov_pgn	harvard-full/doi_10_7910/DVN/HIMIVE/V3_Data_Archive.zip::shapefiles/v3_1911_prov_pgn_utf.ZIP::v3_1911_prov_pgn.gif
raster_img	harv	v3_1911_prov_pts	harvard-full/doi_10_7910/DVN/HIMIVE/V3_Data_Archive.zip::shapefiles/v3_1911_prov_pts_gb.ZIP::v3_1911_prov_pts.gif
raster_img	harv	v3_1911_prov_pts	harvard-full/doi_10_7910/DVN/HIMIVE/V3_Data_Archive.zip::shapefiles/v3_1911_prov_pts_utf.ZIP::v3_1911_prov_pts.gif
raster_img	harv	v3_1911_twn_pts	harvard-full/doi_10_7910/DVN/HIMIVE/V3_Data_Archive.zip::shapefiles/v3_1911_twn_pts_gb.ZIP::v3_1911_twn_pts.gif
raster_img	harv	v3_1911_twn_pts	harvard-full/doi_10_7910/DVN/HIMIVE/V3_Data_Archive.zip::shapefiles/v3_1911_twn_pts_utf.ZIP::v3_1911_twn_pts.gif
raster_img	harv	DemTopo30	harvard-full/doi_10_7910/DVN/HIMIVE/V3_Data_Archive.zip::shapefiles/v3_dem_all.ZIP::DemTopo30.jpg
raster_img	harv	v3_time_cnty_pts	harvard-full/doi_10_7910/DVN/HIMIVE/V3_Data_Archive.zip::shapefiles/v3_time_cnty_pts_gb.ZIP::v3_time_cnty_pts.gif
raster_img	harv	v3_time_cnty_pts	harvard-full/doi_10_7910/DVN/HIMIVE/V3_Data_Archive.zip::shapefiles/v3_time_cnty_pts_utf.ZIP::v3_time_cnty_pts.gif
raster_img	harv	v3_time_pref_pgn	harvard-full/doi_10_7910/DVN/HIMIVE/V3_Data_Archive.zip::shapefiles/v3_time_pref_pgn_gb.ZIP::v3_time_pref_pgn.gif
raster_img	harv	v3_time_pref_pgn	harvard-full/doi_10_7910/DVN/HIMIVE/V3_Data_Archive.zip::shapefiles/v3_time_pref_pgn_PRC.ZIP::v3_time_pref_pgn.gif
raster_img	harv	v3_time_pref_pgn	harvard-full/doi_10_7910/DVN/HIMIVE/V3_Data_Archive.zip::shapefiles/v3_time_pref_pgn_utf.ZIP::v3_time_pref_pgn.gif
raster_img	harv	v3_time_pref_pts	harvard-full/doi_10_7910/DVN/HIMIVE/V3_Data_Archive.zip::shapefiles/v3_time_pref_pts_gb.ZIP::v3_time_pref_pts.gif
raster_img	harv	v3_time_pref_pts	harvard-full/doi_10_7910/DVN/HIMIVE/V3_Data_Archive.zip::shapefiles/v3_time_pref_pts_utf.ZIP::v3_time_pref_pts.gif
raster_img	harv	v3_time_prov_pgn	harvard-full/doi_10_7910/DVN/HIMIVE/V3_Data_Archive.zip::shapefiles/v3_time_prov_pgn_gb.ZIP::v3_time_prov_pgn.gif
raster_img	harv	v3_time_prov_pgn	harvard-full/doi_10_7910/DVN/HIMIVE/V3_Data_Archive.zip::shapefiles/v3_time_prov_pgn_utf.ZIP::v3_time_prov_pgn.gif
raster_img	harv	v3_1911_cnty_pgn	harvard-full/doi_10_7910/DVN/HIMIVE/V3_Data_Archive.zip::mapinfo/v3_1911_cnty_pgn_PRC.ZIP::v3_1911_cnty_pgn.gif
raster_img	harv	v3_1911_cnty_pgn	harvard-full/doi_10_7910/DVN/HIMIVE/V3_Data_Archive.zip::mapinfo/v3_1911_cnty_pgn_USA.ZIP::v3_1911_cnty_pgn.gif
raster_img	harv	v3_1911_cnty_pts	harvard-full/doi_10_7910/DVN/HIMIVE/V3_Data_Archive.zip::mapinfo/v3_1911_cnty_pts_PRC.ZIP::v3_1911_cnty_pts.gif
raster_img	harv	v3_1911_cnty_pts	harvard-full/doi_10_7910/DVN/HIMIVE/V3_Data_Archive.zip::mapinfo/v3_1911_cnty_pts_USA.ZIP::v3_1911_cnty_pts.gif
raster_img	harv	v3_1911_pref_pgn	harvard-full/doi_10_7910/DVN/HIMIVE/V3_Data_Archive.zip::mapinfo/v3_1911_pref_pgn_PRC.ZIP::v3_1911_pref_pgn.gif
raster_img	harv	v3_1911_pref_pgn	harvard-full/doi_10_7910/DVN/HIMIVE/V3_Data_Archive.zip::mapinfo/v3_1911_pref_pgn_USA.ZIP::v3_1911_pref_pgn.gif
raster_img	harv	v3_1911_pref_pts	harvard-full/doi_10_7910/DVN/HIMIVE/V3_Data_Archive.zip::mapinfo/v3_1911_pref_pts_PRC.ZIP::v3_1911_pref_pts.gif
raster_img	harv	v3_1911_pref_pts	harvard-full/doi_10_7910/DVN/HIMIVE/V3_Data_Archive.zip::mapinfo/v3_1911_pref_pts_USA.ZIP::v3_1911_pref_pts.gif
raster_img	harv	v3_1911_prov_pgn	harvard-full/doi_10_7910/DVN/HIMIVE/V3_Data_Archive.zip::mapinfo/v3_1911_prov_pgn_PRC.ZIP::v3_1911_prov_pgn.gif
raster_img	harv	v3_1911_prov_pgn	harvard-full/doi_10_7910/DVN/HIMIVE/V3_Data_Archive.zip::mapinfo/v3_1911_prov_pgn_USA.ZIP::v3_1911_prov_pgn.gif
raster_img	harv	v3_1911_prov_pts	harvard-full/doi_10_7910/DVN/HIMIVE/V3_Data_Archive.zip::mapinfo/v3_1911_prov_pts_PRC.ZIP::v3_1911_prov_pts.gif
raster_img	harv	v3_1911_prov_pts	harvard-full/doi_10_7910/DVN/HIMIVE/V3_Data_Archive.zip::mapinfo/v3_1911_prov_pts_USA.ZIP::v3_1911_prov_pts.gif
raster_img	harv	v3_1911_twn_pts	harvard-full/doi_10_7910/DVN/HIMIVE/V3_Data_Archive.zip::mapinfo/v3_1911_twn_pts_PRC.ZIP::v3_1911_twn_pts.gif
raster_img	harv	v3_1911_twn_pts	harvard-full/doi_10_7910/DVN/HIMIVE/V3_Data_Archive.zip::mapinfo/v3_1911_twn_pts_USA.ZIP::v3_1911_twn_pts.gif
raster_img	harv	v3_time_cnty_pts	harvard-full/doi_10_7910/DVN/HIMIVE/V3_Data_Archive.zip::mapinfo/v3_time_cnty_pts_PRC.ZIP::v3_time_cnty_pts.gif
raster_img	harv	v3_time_cnty_pts	harvard-full/doi_10_7910/DVN/HIMIVE/V3_Data_Archive.zip::mapinfo/v3_time_cnty_pts_USA.ZIP::v3_time_cnty_pts.gif
raster_img	harv	v3_time_pref_pgn	harvard-full/doi_10_7910/DVN/HIMIVE/V3_Data_Archive.zip::mapinfo/v3_time_pref_pgn_PRC.ZIP::v3_time_pref_pgn.gif
raster_img	harv	v3_time_pref_pgn	harvard-full/doi_10_7910/DVN/HIMIVE/V3_Data_Archive.zip::mapinfo/v3_time_pref_pgn_USA.ZIP::v3_time_pref_pgn.gif
raster_img	harv	v3_time_pref_pts	harvard-full/doi_10_7910/DVN/HIMIVE/V3_Data_Archive.zip::mapinfo/v3_time_pref_pts_PRC.ZIP::v3_time_pref_pts.gif
raster_img	harv	v3_time_pref_pts	harvard-full/doi_10_7910/DVN/HIMIVE/V3_Data_Archive.zip::mapinfo/v3_time_pref_pts_USA.ZIP::v3_time_pref_pts.gif
raster_img	harv	v3_time_pref_pgn	harvard-full/doi_10_7910/DVN/HIMIVE/V3_Data_Archive.zip::mapinfo/v3_time_prov_pgn_prc.ZIP::v3_time_pref_pgn.gif
csv	harv	ngia_dsg_codes_2017-03-15	harvard-full/doi_10_7910/DVN/I4UIKV/ngia_dsg_codes_2017-03-15.zip::ngia_dsg_codes_2017-03-15.csv
ods	harv	ngia_dsg_codes_2017-03-15	harvard-full/doi_10_7910/DVN/I4UIKV/ngia_dsg_codes_2017-03-15.zip::ngia_dsg_codes_2017-03-15.ods
ods	harv	CountryFilesFormat_2016-07-16	harvard-full/doi_10_7910/DVN/I4UIKV/ngia_dsg_codes_2017-03-15.zip::CountryFilesFormat_2016-07-16.ods
raster_img	harv	DSG_Lookup	harvard-full/doi_10_7910/DVN/I4UIKV/ngia_dsg_codes_2017-03-15.zip::DSG_Lookup.jpg
raster_img	harv	NaturalGasLines_PetroChina_20110830	harvard-full/doi_10_7910/DVN/J5U79Z/ChinaGasPipelines_2013.zip::NaturalGasLines_PetroChina_20110830.jpg
csv	harv	hist_sites	harvard-full/doi_10_7910/DVN/KUFJTG/beijing_sites.zip::hist_sites.csv
raster_img	harv	ca1876route_przh_map_source	harvard-full/doi_10_7910/DVN/LVYYZC/1876route_przh.zip::2_1876route_przh/ca1876route_przh_map_source.png
raster_img	harv	ca1876route_przh_overview	harvard-full/doi_10_7910/DVN/LVYYZC/1876route_przh.zip::2_1876route_przh/ca1876route_przh_overview.png
raster_img	harv	map3	harvard-full/doi_10_7910/DVN/LVYYZC/Ca1876route_przh_ru_images.zip::map3.jpg
raster_tif	harv	map1_p4_	harvard-full/doi_10_7910/DVN/LVYYZC/Ca1876route_przh_ru_images.zip::map1_p4_.TIF
raster_img	harv	map10	harvard-full/doi_10_7910/DVN/LVYYZC/Ca1876route_przh_ru_images.zip::map10.jpg
raster_tif	harv	map10_p4_	harvard-full/doi_10_7910/DVN/LVYYZC/Ca1876route_przh_ru_images.zip::map10_p4_.TIF
raster_img	harv	map11	harvard-full/doi_10_7910/DVN/LVYYZC/Ca1876route_przh_ru_images.zip::map11.jpg
raster_tif	harv	map11_p4_	harvard-full/doi_10_7910/DVN/LVYYZC/Ca1876route_przh_ru_images.zip::map11_p4_.TIF
raster_img	harv	map2	harvard-full/doi_10_7910/DVN/LVYYZC/Ca1876route_przh_ru_images.zip::map2.jpg
raster_tif	harv	map2_p4_	harvard-full/doi_10_7910/DVN/LVYYZC/Ca1876route_przh_ru_images.zip::map2_p4_.TIF
raster_img	harv	map1	harvard-full/doi_10_7910/DVN/LVYYZC/Ca1876route_przh_ru_images.zip::map1.jpg
raster_tif	harv	map3_p4_	harvard-full/doi_10_7910/DVN/LVYYZC/Ca1876route_przh_ru_images.zip::map3_p4_.TIF
raster_img	harv	map4	harvard-full/doi_10_7910/DVN/LVYYZC/Ca1876route_przh_ru_images.zip::map4.jpg
raster_tif	harv	map4_p4_	harvard-full/doi_10_7910/DVN/LVYYZC/Ca1876route_przh_ru_images.zip::map4_p4_.TIF
raster_img	harv	map5	harvard-full/doi_10_7910/DVN/LVYYZC/Ca1876route_przh_ru_images.zip::map5.jpg
raster_tif	harv	map5_p4_	harvard-full/doi_10_7910/DVN/LVYYZC/Ca1876route_przh_ru_images.zip::map5_p4_.TIF
raster_img	harv	map6	harvard-full/doi_10_7910/DVN/LVYYZC/Ca1876route_przh_ru_images.zip::map6.jpg
raster_tif	harv	map6_p4_	harvard-full/doi_10_7910/DVN/LVYYZC/Ca1876route_przh_ru_images.zip::map6_p4_.TIF
raster_img	harv	map7	harvard-full/doi_10_7910/DVN/LVYYZC/Ca1876route_przh_ru_images.zip::map7.jpg
raster_tif	harv	map7_p4_	harvard-full/doi_10_7910/DVN/LVYYZC/Ca1876route_przh_ru_images.zip::map7_p4_.TIF
raster_img	harv	map8	harvard-full/doi_10_7910/DVN/LVYYZC/Ca1876route_przh_ru_images.zip::map8.jpg
raster_tif	harv	map8_p4_	harvard-full/doi_10_7910/DVN/LVYYZC/Ca1876route_przh_ru_images.zip::map8_p4_.TIF
raster_img	harv	map9	harvard-full/doi_10_7910/DVN/LVYYZC/Ca1876route_przh_ru_images.zip::map9.jpg
raster_tif	harv	map9_p4_	harvard-full/doi_10_7910/DVN/LVYYZC/Ca1876route_przh_ru_images.zip::map9_p4_.TIF
raster_img	harv	Manshu_200K_index_Chinese	harvard-full/doi_10_7910/DVN/M7WEFY/Manshu_200K_index_SHP.zip::Manshu_200K_index_Chinese.png
raster_img	harv	Manshu_200K_index_English	harvard-full/doi_10_7910/DVN/M7WEFY/Manshu_200K_index_SHP.zip::Manshu_200K_index_English.png
ods	harv	Manshu_Index_Stanford_links	harvard-full/doi_10_7910/DVN/M7WEFY/Manshu_200K_index_SHP.zip::Manshu_Index_Stanford_links.ods
raster_img	harv	Stanford_Index_Sheet_Scan_sm_index	harvard-full/doi_10_7910/DVN/M7WEFY/Manshu_200K_index_SHP.zip::Stanford_Index_Sheet_Scan_sm_index.jpg
raster_img	harv	Manshu_200K_index	harvard-full/doi_10_7910/DVN/M7WEFY/Manshu_200K_index_SHP.zip::Manshu_200K_index.png
raster_img	harv	1926_atlas_colophon	harvard-full/doi_10_7910/DVN/M7WEFY/v5_1926_prov_pgn_utf.zip::1926_atlas_colophon.jpg
raster_img	harv	1926_atlas_cover	harvard-full/doi_10_7910/DVN/M7WEFY/v5_1926_prov_pgn_utf.zip::1926_atlas_cover.jpg
raster_img	harv	v5_1926_prov_pgn_sample	harvard-full/doi_10_7910/DVN/M7WEFY/v5_1926_prov_pgn_utf.zip::v5_1926_prov_pgn_sample.jpg
csv	harv	Tibet_twns_2009_utf8	harvard-full/doi_10_7910/DVN/M7WEFY/v5_2009_tibet_twns_utf.zip::Tibet_twns_2009_utf8.csv
raster_img	harv	Tibetan_Towns_2009	harvard-full/doi_10_7910/DVN/M7WEFY/v5_2009_tibet_twns_utf.zip::Tibetan_Towns_2009.jpg
raster_img	harv	Tibetan_Towns_2009_ChineseLabels	harvard-full/doi_10_7910/DVN/M7WEFY/v5_2009_tibet_twns_utf.zip::Tibetan_Towns_2009_ChineseLabels.jpg
raster_img	harv	Tibetan_Towns_2009_EngishLabels	harvard-full/doi_10_7910/DVN/M7WEFY/v5_2009_tibet_twns_utf.zip::Tibetan_Towns_2009_EngishLabels.jpg
raster_img	harv	Tibetan_Towns_2009_TibetanLabels	harvard-full/doi_10_7910/DVN/M7WEFY/v5_2009_tibet_twns_utf.zip::Tibetan_Towns_2009_TibetanLabels.jpg
raster_img	harv	chinaSMR	harvard-full/doi_10_7910/DVN/M7WEFY/v5_SMR_pgn_utf.zip::chinaSMR.jpg
raster_img	harv	chinaSMR_SubRegions	harvard-full/doi_10_7910/DVN/M7WEFY/v5_SMR_pgn_utf.zip::chinaSMR_SubRegions.jpg
raster_img	harv	v4_1820_cnty_pts	harvard-full/doi_10_7910/DVN/PDGOZ0/V4_Data_Archive.zip::KML/CHGIS_v4_1820_KML.zip::v4_1820_KML_metadata/v4_1820_cnty_pts.jpg
raster_img	harv	v4_1820_coded_rivers	harvard-full/doi_10_7910/DVN/PDGOZ0/V4_Data_Archive.zip::KML/CHGIS_v4_1820_KML.zip::v4_1820_KML_metadata/v4_1820_coded_rivers.jpg
raster_img	harv	v4_1820_lks_pgn	harvard-full/doi_10_7910/DVN/PDGOZ0/V4_Data_Archive.zip::KML/CHGIS_v4_1820_KML.zip::v4_1820_KML_metadata/v4_1820_lks_pgn.jpg
raster_img	harv	v4_1820_pref_pgn	harvard-full/doi_10_7910/DVN/PDGOZ0/V4_Data_Archive.zip::KML/CHGIS_v4_1820_KML.zip::v4_1820_KML_metadata/v4_1820_pref_pgn.jpg
raster_img	harv	v4_1820_pref_pts	harvard-full/doi_10_7910/DVN/PDGOZ0/V4_Data_Archive.zip::KML/CHGIS_v4_1820_KML.zip::v4_1820_KML_metadata/v4_1820_pref_pts.jpg
raster_img	harv	v4_1820_prov_pgn	harvard-full/doi_10_7910/DVN/PDGOZ0/V4_Data_Archive.zip::KML/CHGIS_v4_1820_KML.zip::v4_1820_KML_metadata/v4_1820_prov_pgn.jpg
raster_img	harv	v4_1820_prov_pts	harvard-full/doi_10_7910/DVN/PDGOZ0/V4_Data_Archive.zip::KML/CHGIS_v4_1820_KML.zip::v4_1820_KML_metadata/v4_1820_prov_pts.jpg
raster_img	harv	v4_1820_twn_pts	harvard-full/doi_10_7910/DVN/PDGOZ0/V4_Data_Archive.zip::KML/CHGIS_v4_1820_KML.zip::v4_1820_KML_metadata/v4_1820_twn_pts.jpg
db	harv	Thumbs	harvard-full/doi_10_7910/DVN/PDGOZ0/V4_Data_Archive.zip::KML/CHGIS_v4_1911_KML.zip::V4_1911_KML_metadata/Thumbs.db
raster_img	harv	v4_1911_cnty_pgn	harvard-full/doi_10_7910/DVN/PDGOZ0/V4_Data_Archive.zip::KML/CHGIS_v4_1911_KML.zip::V4_1911_KML_metadata/v4_1911_cnty_pgn.jpg
raster_img	harv	v4_1911_cnty_pts	harvard-full/doi_10_7910/DVN/PDGOZ0/V4_Data_Archive.zip::KML/CHGIS_v4_1911_KML.zip::V4_1911_KML_metadata/v4_1911_cnty_pts.jpg
raster_img	harv	v4_1911_pref_pgn	harvard-full/doi_10_7910/DVN/PDGOZ0/V4_Data_Archive.zip::KML/CHGIS_v4_1911_KML.zip::V4_1911_KML_metadata/v4_1911_pref_pgn.jpg
raster_img	harv	v4_1911_pref_pts	harvard-full/doi_10_7910/DVN/PDGOZ0/V4_Data_Archive.zip::KML/CHGIS_v4_1911_KML.zip::V4_1911_KML_metadata/v4_1911_pref_pts.jpg
raster_img	harv	v4_1911_prov_pgn	harvard-full/doi_10_7910/DVN/PDGOZ0/V4_Data_Archive.zip::KML/CHGIS_v4_1911_KML.zip::V4_1911_KML_metadata/v4_1911_prov_pgn.jpg
raster_img	harv	v4_1911_prov_pts	harvard-full/doi_10_7910/DVN/PDGOZ0/V4_Data_Archive.zip::KML/CHGIS_v4_1911_KML.zip::V4_1911_KML_metadata/v4_1911_prov_pts.jpg
raster_img	harv	v4_1911_twn_pts	harvard-full/doi_10_7910/DVN/PDGOZ0/V4_Data_Archive.zip::KML/CHGIS_v4_1911_KML.zip::V4_1911_KML_metadata/v4_1911_twn_pts.jpg
raster_img	harv	temple_count	harvard-full/doi_10_7910/DVN/PDGOZ0/V4_Data_Archive.zip::KML/CHGIS_v4_buddhist_KML.zip::temple_count.gif
raster_img	harv	PMR-PROV	harvard-full/doi_10_7910/DVN/PDGOZ0/V4_Data_Archive.zip::KML/ChinaW_KML_utf.zip::PMR-PROV.gif
raster_img	harv	PMR-SEMR_revised30Jan07	harvard-full/doi_10_7910/DVN/PDGOZ0/V4_Data_Archive.zip::KML/ChinaW_KML_utf.zip::PMR-SEMR_revised30Jan07.gif
csv	harv	ChinaW.Master.Beta	harvard-full/doi_10_7910/DVN/PDGOZ0/V4_Data_Archive.zip::KML/ChinaW_KML_utf.zip::ChinaW.Master.Beta.csv
raster_img	harv	v4_citas90_cnty_pgn	harvard-full/doi_10_7910/DVN/PDGOZ0/V4_Data_Archive.zip::KML/CITAS_1990_KML.zip::citas_metadata/v4_citas90_cnty_pgn.jpg
raster_img	harv	v4_citas90_pref_pgn	harvard-full/doi_10_7910/DVN/PDGOZ0/V4_Data_Archive.zip::KML/CITAS_1990_KML.zip::citas_metadata/v4_citas90_pref_pgn.jpg
raster_img	harv	v4_citas90_prov_pgn	harvard-full/doi_10_7910/DVN/PDGOZ0/V4_Data_Archive.zip::KML/CITAS_1990_KML.zip::citas_metadata/v4_citas90_prov_pgn.jpg
raster_img	harv	deqen_btm_300dpi	harvard-full/doi_10_7910/DVN/PDGOZ0/V4_Data_Archive.zip::non_gis_data/v2_1948_rock_maps.ZIP::large/deqen_btm_300dpi.jpg
raster_img	harv	deqen_mid_300dpi	harvard-full/doi_10_7910/DVN/PDGOZ0/V4_Data_Archive.zip::non_gis_data/v2_1948_rock_maps.ZIP::large/deqen_mid_300dpi.jpg
raster_img	harv	deqen_top_300dpi	harvard-full/doi_10_7910/DVN/PDGOZ0/V4_Data_Archive.zip::non_gis_data/v2_1948_rock_maps.ZIP::large/deqen_top_300dpi.jpg
raster_img	harv	lijiang_btm_300dpi	harvard-full/doi_10_7910/DVN/PDGOZ0/V4_Data_Archive.zip::non_gis_data/v2_1948_rock_maps.ZIP::large/lijiang_btm_300dpi.jpg
raster_img	harv	lijiang_mid_300dpi	harvard-full/doi_10_7910/DVN/PDGOZ0/V4_Data_Archive.zip::non_gis_data/v2_1948_rock_maps.ZIP::large/lijiang_mid_300dpi.jpg
raster_img	harv	lijiang_top_300dpi	harvard-full/doi_10_7910/DVN/PDGOZ0/V4_Data_Archive.zip::non_gis_data/v2_1948_rock_maps.ZIP::large/lijiang_top_300dpi.jpg
raster_img	harv	weixi_btm_300dpi	harvard-full/doi_10_7910/DVN/PDGOZ0/V4_Data_Archive.zip::non_gis_data/v2_1948_rock_maps.ZIP::large/weixi_btm_300dpi.jpg
raster_img	harv	weixi_mid_300dpi	harvard-full/doi_10_7910/DVN/PDGOZ0/V4_Data_Archive.zip::non_gis_data/v2_1948_rock_maps.ZIP::large/weixi_mid_300dpi.jpg
raster_img	harv	weixi_top_300dpi	harvard-full/doi_10_7910/DVN/PDGOZ0/V4_Data_Archive.zip::non_gis_data/v2_1948_rock_maps.ZIP::large/weixi_top_300dpi.jpg
raster_img	harv	yenyuan_btm_300dpi	harvard-full/doi_10_7910/DVN/PDGOZ0/V4_Data_Archive.zip::non_gis_data/v2_1948_rock_maps.ZIP::large/yenyuan_btm_300dpi.jpg
raster_img	harv	yenyuan_mid_300dpi	harvard-full/doi_10_7910/DVN/PDGOZ0/V4_Data_Archive.zip::non_gis_data/v2_1948_rock_maps.ZIP::large/yenyuan_mid_300dpi.jpg
raster_img	harv	yenyuan_top_300dpi	harvard-full/doi_10_7910/DVN/PDGOZ0/V4_Data_Archive.zip::non_gis_data/v2_1948_rock_maps.ZIP::large/yenyuan_top_300dpi.jpg
raster_img	harv	deqen_btm_med	harvard-full/doi_10_7910/DVN/PDGOZ0/V4_Data_Archive.zip::non_gis_data/v2_1948_rock_maps.ZIP::medium/deqen_btm_med.jpg
raster_img	harv	deqen_mid_med	harvard-full/doi_10_7910/DVN/PDGOZ0/V4_Data_Archive.zip::non_gis_data/v2_1948_rock_maps.ZIP::medium/deqen_mid_med.jpg
raster_img	harv	deqen_top_med	harvard-full/doi_10_7910/DVN/PDGOZ0/V4_Data_Archive.zip::non_gis_data/v2_1948_rock_maps.ZIP::medium/deqen_top_med.jpg
raster_img	harv	lijiang_btm_med	harvard-full/doi_10_7910/DVN/PDGOZ0/V4_Data_Archive.zip::non_gis_data/v2_1948_rock_maps.ZIP::medium/lijiang_btm_med.jpg
raster_img	harv	lijiang_mid_med	harvard-full/doi_10_7910/DVN/PDGOZ0/V4_Data_Archive.zip::non_gis_data/v2_1948_rock_maps.ZIP::medium/lijiang_mid_med.jpg
raster_img	harv	lijiang_top_med	harvard-full/doi_10_7910/DVN/PDGOZ0/V4_Data_Archive.zip::non_gis_data/v2_1948_rock_maps.ZIP::medium/lijiang_top_med.jpg
raster_img	harv	weixi_btm_med	harvard-full/doi_10_7910/DVN/PDGOZ0/V4_Data_Archive.zip::non_gis_data/v2_1948_rock_maps.ZIP::medium/weixi_btm_med.jpg
raster_img	harv	weixi_mid_med	harvard-full/doi_10_7910/DVN/PDGOZ0/V4_Data_Archive.zip::non_gis_data/v2_1948_rock_maps.ZIP::medium/weixi_mid_med.jpg
raster_img	harv	weixi_top_med	harvard-full/doi_10_7910/DVN/PDGOZ0/V4_Data_Archive.zip::non_gis_data/v2_1948_rock_maps.ZIP::medium/weixi_top_med.jpg
raster_img	harv	yenyuan_btm_med	harvard-full/doi_10_7910/DVN/PDGOZ0/V4_Data_Archive.zip::non_gis_data/v2_1948_rock_maps.ZIP::medium/yenyuan_btm_med.jpg
raster_img	harv	yenyuan_mid_med	harvard-full/doi_10_7910/DVN/PDGOZ0/V4_Data_Archive.zip::non_gis_data/v2_1948_rock_maps.ZIP::medium/yenyuan_mid_med.jpg
raster_img	harv	yenyuan_top_med	harvard-full/doi_10_7910/DVN/PDGOZ0/V4_Data_Archive.zip::non_gis_data/v2_1948_rock_maps.ZIP::medium/yenyuan_top_med.jpg
raster_img	harv	deqen_btm_sm	harvard-full/doi_10_7910/DVN/PDGOZ0/V4_Data_Archive.zip::non_gis_data/v2_1948_rock_maps.ZIP::small/deqen_btm_sm.jpg
raster_img	harv	deqen_mid_sm	harvard-full/doi_10_7910/DVN/PDGOZ0/V4_Data_Archive.zip::non_gis_data/v2_1948_rock_maps.ZIP::small/deqen_mid_sm.jpg
raster_img	harv	deqen_top_sm	harvard-full/doi_10_7910/DVN/PDGOZ0/V4_Data_Archive.zip::non_gis_data/v2_1948_rock_maps.ZIP::small/deqen_top_sm.jpg
raster_img	harv	lijiang_btm_sm	harvard-full/doi_10_7910/DVN/PDGOZ0/V4_Data_Archive.zip::non_gis_data/v2_1948_rock_maps.ZIP::small/lijiang_btm_sm.jpg
raster_img	harv	lijiang_mid_sm	harvard-full/doi_10_7910/DVN/PDGOZ0/V4_Data_Archive.zip::non_gis_data/v2_1948_rock_maps.ZIP::small/lijiang_mid_sm.jpg
raster_img	harv	lijiang_top_sm	harvard-full/doi_10_7910/DVN/PDGOZ0/V4_Data_Archive.zip::non_gis_data/v2_1948_rock_maps.ZIP::small/lijiang_top_sm.jpg
raster_img	harv	weixi_btm_sm	harvard-full/doi_10_7910/DVN/PDGOZ0/V4_Data_Archive.zip::non_gis_data/v2_1948_rock_maps.ZIP::small/weixi_btm_sm.jpg
raster_img	harv	weixi_mid_sm	harvard-full/doi_10_7910/DVN/PDGOZ0/V4_Data_Archive.zip::non_gis_data/v2_1948_rock_maps.ZIP::small/weixi_mid_sm.jpg
raster_img	harv	weixi_top_sm	harvard-full/doi_10_7910/DVN/PDGOZ0/V4_Data_Archive.zip::non_gis_data/v2_1948_rock_maps.ZIP::small/weixi_top_sm.jpg
raster_img	harv	yenyuan_btm_sm	harvard-full/doi_10_7910/DVN/PDGOZ0/V4_Data_Archive.zip::non_gis_data/v2_1948_rock_maps.ZIP::small/yenyuan_btm_sm.jpg
raster_img	harv	yenyuan_mid_sm	harvard-full/doi_10_7910/DVN/PDGOZ0/V4_Data_Archive.zip::non_gis_data/v2_1948_rock_maps.ZIP::small/yenyuan_mid_sm.jpg
raster_img	harv	yenyuan_top_sm	harvard-full/doi_10_7910/DVN/PDGOZ0/V4_Data_Archive.zip::non_gis_data/v2_1948_rock_maps.ZIP::small/yenyuan_top_sm.jpg
raster_img	harv	PMR-PROV	harvard-full/doi_10_7910/DVN/PDGOZ0/V4_Data_Archive.zip::shapefiles/ChinaW_pts_gbk.zip::PMR-PROV.gif
raster_img	harv	PMR-SEMR_revised30Jan07	harvard-full/doi_10_7910/DVN/PDGOZ0/V4_Data_Archive.zip::shapefiles/ChinaW_pts_gbk.zip::PMR-SEMR_revised30Jan07.gif
csv	harv	ChinaW.Master.Beta	harvard-full/doi_10_7910/DVN/PDGOZ0/V4_Data_Archive.zip::shapefiles/ChinaW_pts_gbk.zip::ChinaW.Master.Beta.csv
raster_img	harv	PMR-SEMR_revised30Jan07	harvard-full/doi_10_7910/DVN/PDGOZ0/V4_Data_Archive.zip::shapefiles/PhysiogMacroregions_pgn.zip::PMR-SEMR_revised30Jan07.gif
raster_img	harv	PMR-PROV	harvard-full/doi_10_7910/DVN/PDGOZ0/V4_Data_Archive.zip::shapefiles/PhysiogMacroregions_pgn.zip::PMR-PROV.gif
raster_img	harv	temple_count	harvard-full/doi_10_7910/DVN/PDGOZ0/V4_Data_Archive.zip::shapefiles/v4_buddhist_pts_utf.zip::temple_count.gif
raster_tif	chgis	chgis_dem	harvard-full/doi_10_7910/DVN/PDGOZ0/V4_Data_Archive.zip::shapefiles/v4_dem_geotiff.zip::chgis_dem.tif
raster_tif	harv	chgis_hillshade	harvard-full/doi_10_7910/DVN/PDGOZ0/V4_Data_Archive.zip::shapefiles/v4_dem_geotiff.zip::chgis_hillshade.tif
raster_tif	chgis	v4_dem	harvard-full/doi_10_7910/DVN/PDGOZ0/V4_Data_Archive.zip::shapefiles/v4_dem_gtopo30.zip::v4_dem.tif
raster_img	harv	Eastasia1871_przh_ru	harvard-full/doi_10_7910/DVN/PDGOZ0/V4_Data_Archive.zip::shapefiles/v4_ras_1871_neimeng_pts.zip::Eastasia1871_przh_ru.jpg
raster_img	harv	Ca1876route_przh_ru	harvard-full/doi_10_7910/DVN/PDGOZ0/V4_Data_Archive.zip::shapefiles/v4_ras_1876_xinjiang_pts.zip::Ca1876route_przh_ru.jpg
raster_img	harv	Ca1884_przh_ru	harvard-full/doi_10_7910/DVN/PDGOZ0/V4_Data_Archive.zip::shapefiles/v4_ras_1884_qinghai_pts.zip::Ca1884_przh_ru.jpg
raster_img	harv	Ca1884route_przh_ru	harvard-full/doi_10_7910/DVN/PDGOZ0/V4_Data_Archive.zip::shapefiles/v4_ras_1884_tarim_pts.zip::Ca1884route_przh_ru.jpg
raster_img	harv	Mk1899_koz_ru	harvard-full/doi_10_7910/DVN/PDGOZ0/V4_Data_Archive.zip::shapefiles/v4_ras_1899_meng_kham_pts.zip::Mk1899_koz_ru.jpg
raster_img	harv	Kam1900_koz_ru	harvard-full/doi_10_7910/DVN/PDGOZ0/V4_Data_Archive.zip::shapefiles/v4_ras_1900_tibet_kham_pts.zip::Kam1900_koz_ru.jpg
raster_tif	harv	pdb2	harvard-full/doi_10_7910/DVN/PDGOZ0/V4_Data_Archive.zip::shapefiles/v4_ras_1904_tibet_pts.zip::pdb2.TIF
raster_img	harv	v3_arc_china_index	harvard-full/doi_10_7910/DVN/PJ8D45/arc_china_tile_index.zip::v3_arc_china_index.zip::v3_arc_china_index.jpg
raster_img	harv	v4_arc_china_index	harvard-full/doi_10_7910/DVN/PJ8D45/arc_china_tile_index.zip::v4_arc_china_index.zip::v4_arc_china_index.jpg
raster_img	harv	eastasia1871_przh_map_source	harvard-full/doi_10_7910/DVN/RXP4AA/eastasia1871_przh_ru.zip::1_eastasia1871_przh_ru/eastasia1871_przh_map_source.png
raster_img	harv	eastasia1871_przh_overview	harvard-full/doi_10_7910/DVN/RXP4AA/eastasia1871_przh_ru.zip::1_eastasia1871_przh_ru/eastasia1871_przh_overview.png
raster_img	harv	Ca1876route_przh_ru	harvard-full/doi_10_7910/DVN/ZZKZ6U/CHGIS_V2.zip::shapefiles/russ_1876_xinjiang_pts.ZIP::Ca1876route_przh_ru.jpg
raster_img	harv	Ca1884_przh_ru	harvard-full/doi_10_7910/DVN/ZZKZ6U/CHGIS_V2.zip::shapefiles/russ_1884_qinghai_pts.ZIP::Ca1884_przh_ru.jpg
raster_img	harv	1884_przh_detail	harvard-full/doi_10_7910/DVN/ZZKZ6U/CHGIS_V2.zip::shapefiles/russ_1884_qinghai_pts.ZIP::1884_przh_detail.jpg
raster_img	harv	Ca1884route_przh_ru	harvard-full/doi_10_7910/DVN/ZZKZ6U/CHGIS_V2.zip::shapefiles/russ_1884_tarim_pts.ZIP::Ca1884route_przh_ru.jpg
raster_img	harv	Mk1899_koz_ru	harvard-full/doi_10_7910/DVN/ZZKZ6U/CHGIS_V2.zip::shapefiles/russ_1899_mk_pts.ZIP::Mk1899_koz_ru.jpg
raster_tif	harv	pdb2	harvard-full/doi_10_7910/DVN/ZZKZ6U/CHGIS_V2.zip::shapefiles/russ_1904_tibet_pts.ZIP::pdb2.TIF
raster_img	harv	Peking_1875	harvard-full/doi_10_7910/DVN/ZZKZ6U/CHGIS_V2.zip::shapefiles/v2_1875_peking_map.ZIP::Peking_1875.jpg
raster_tif	harv	peking_1875_bretschneider	harvard-full/doi_10_7910/DVN/ZZKZ6U/CHGIS_V2.zip::shapefiles/v2_1875_peking_map.ZIP::peking_1875_bretschneider.tif
raster_img	harv	deqen_btm_300dpi	harvard-full/doi_10_7910/DVN/ZZKZ6U/CHGIS_V2.zip::shapefiles/v2_1948_rock_maps.ZIP::large/deqen_btm_300dpi.jpg
raster_img	harv	deqen_mid_300dpi	harvard-full/doi_10_7910/DVN/ZZKZ6U/CHGIS_V2.zip::shapefiles/v2_1948_rock_maps.ZIP::large/deqen_mid_300dpi.jpg
raster_img	harv	deqen_top_300dpi	harvard-full/doi_10_7910/DVN/ZZKZ6U/CHGIS_V2.zip::shapefiles/v2_1948_rock_maps.ZIP::large/deqen_top_300dpi.jpg
raster_img	harv	lijiang_btm_300dpi	harvard-full/doi_10_7910/DVN/ZZKZ6U/CHGIS_V2.zip::shapefiles/v2_1948_rock_maps.ZIP::large/lijiang_btm_300dpi.jpg
raster_img	harv	lijiang_mid_300dpi	harvard-full/doi_10_7910/DVN/ZZKZ6U/CHGIS_V2.zip::shapefiles/v2_1948_rock_maps.ZIP::large/lijiang_mid_300dpi.jpg
raster_img	harv	lijiang_top_300dpi	harvard-full/doi_10_7910/DVN/ZZKZ6U/CHGIS_V2.zip::shapefiles/v2_1948_rock_maps.ZIP::large/lijiang_top_300dpi.jpg
raster_img	harv	weixi_btm_300dpi	harvard-full/doi_10_7910/DVN/ZZKZ6U/CHGIS_V2.zip::shapefiles/v2_1948_rock_maps.ZIP::large/weixi_btm_300dpi.jpg
raster_img	harv	weixi_mid_300dpi	harvard-full/doi_10_7910/DVN/ZZKZ6U/CHGIS_V2.zip::shapefiles/v2_1948_rock_maps.ZIP::large/weixi_mid_300dpi.jpg
raster_img	harv	weixi_top_300dpi	harvard-full/doi_10_7910/DVN/ZZKZ6U/CHGIS_V2.zip::shapefiles/v2_1948_rock_maps.ZIP::large/weixi_top_300dpi.jpg
raster_img	harv	yenyuan_btm_300dpi	harvard-full/doi_10_7910/DVN/ZZKZ6U/CHGIS_V2.zip::shapefiles/v2_1948_rock_maps.ZIP::large/yenyuan_btm_300dpi.jpg
raster_img	harv	yenyuan_mid_300dpi	harvard-full/doi_10_7910/DVN/ZZKZ6U/CHGIS_V2.zip::shapefiles/v2_1948_rock_maps.ZIP::large/yenyuan_mid_300dpi.jpg
raster_img	harv	yenyuan_top_300dpi	harvard-full/doi_10_7910/DVN/ZZKZ6U/CHGIS_V2.zip::shapefiles/v2_1948_rock_maps.ZIP::large/yenyuan_top_300dpi.jpg
raster_img	harv	deqen_btm_med	harvard-full/doi_10_7910/DVN/ZZKZ6U/CHGIS_V2.zip::shapefiles/v2_1948_rock_maps.ZIP::medium/deqen_btm_med.jpg
raster_img	harv	deqen_mid_med	harvard-full/doi_10_7910/DVN/ZZKZ6U/CHGIS_V2.zip::shapefiles/v2_1948_rock_maps.ZIP::medium/deqen_mid_med.jpg
raster_img	harv	deqen_top_med	harvard-full/doi_10_7910/DVN/ZZKZ6U/CHGIS_V2.zip::shapefiles/v2_1948_rock_maps.ZIP::medium/deqen_top_med.jpg
raster_img	harv	lijiang_btm_med	harvard-full/doi_10_7910/DVN/ZZKZ6U/CHGIS_V2.zip::shapefiles/v2_1948_rock_maps.ZIP::medium/lijiang_btm_med.jpg
raster_img	harv	lijiang_mid_med	harvard-full/doi_10_7910/DVN/ZZKZ6U/CHGIS_V2.zip::shapefiles/v2_1948_rock_maps.ZIP::medium/lijiang_mid_med.jpg
raster_img	harv	lijiang_top_med	harvard-full/doi_10_7910/DVN/ZZKZ6U/CHGIS_V2.zip::shapefiles/v2_1948_rock_maps.ZIP::medium/lijiang_top_med.jpg
raster_img	harv	weixi_btm_med	harvard-full/doi_10_7910/DVN/ZZKZ6U/CHGIS_V2.zip::shapefiles/v2_1948_rock_maps.ZIP::medium/weixi_btm_med.jpg
raster_img	harv	weixi_mid_med	harvard-full/doi_10_7910/DVN/ZZKZ6U/CHGIS_V2.zip::shapefiles/v2_1948_rock_maps.ZIP::medium/weixi_mid_med.jpg
raster_img	harv	weixi_top_med	harvard-full/doi_10_7910/DVN/ZZKZ6U/CHGIS_V2.zip::shapefiles/v2_1948_rock_maps.ZIP::medium/weixi_top_med.jpg
raster_img	harv	yenyuan_btm_med	harvard-full/doi_10_7910/DVN/ZZKZ6U/CHGIS_V2.zip::shapefiles/v2_1948_rock_maps.ZIP::medium/yenyuan_btm_med.jpg
raster_img	harv	yenyuan_mid_med	harvard-full/doi_10_7910/DVN/ZZKZ6U/CHGIS_V2.zip::shapefiles/v2_1948_rock_maps.ZIP::medium/yenyuan_mid_med.jpg
raster_img	harv	yenyuan_top_med	harvard-full/doi_10_7910/DVN/ZZKZ6U/CHGIS_V2.zip::shapefiles/v2_1948_rock_maps.ZIP::medium/yenyuan_top_med.jpg
raster_img	harv	deqen_btm_sm	harvard-full/doi_10_7910/DVN/ZZKZ6U/CHGIS_V2.zip::shapefiles/v2_1948_rock_maps.ZIP::small/deqen_btm_sm.jpg
raster_img	harv	deqen_mid_sm	harvard-full/doi_10_7910/DVN/ZZKZ6U/CHGIS_V2.zip::shapefiles/v2_1948_rock_maps.ZIP::small/deqen_mid_sm.jpg
raster_img	harv	deqen_top_sm	harvard-full/doi_10_7910/DVN/ZZKZ6U/CHGIS_V2.zip::shapefiles/v2_1948_rock_maps.ZIP::small/deqen_top_sm.jpg
raster_img	harv	lijiang_btm_sm	harvard-full/doi_10_7910/DVN/ZZKZ6U/CHGIS_V2.zip::shapefiles/v2_1948_rock_maps.ZIP::small/lijiang_btm_sm.jpg
raster_img	harv	lijiang_mid_sm	harvard-full/doi_10_7910/DVN/ZZKZ6U/CHGIS_V2.zip::shapefiles/v2_1948_rock_maps.ZIP::small/lijiang_mid_sm.jpg
raster_img	harv	lijiang_top_sm	harvard-full/doi_10_7910/DVN/ZZKZ6U/CHGIS_V2.zip::shapefiles/v2_1948_rock_maps.ZIP::small/lijiang_top_sm.jpg
raster_img	harv	weixi_btm_sm	harvard-full/doi_10_7910/DVN/ZZKZ6U/CHGIS_V2.zip::shapefiles/v2_1948_rock_maps.ZIP::small/weixi_btm_sm.jpg
raster_img	harv	weixi_mid_sm	harvard-full/doi_10_7910/DVN/ZZKZ6U/CHGIS_V2.zip::shapefiles/v2_1948_rock_maps.ZIP::small/weixi_mid_sm.jpg
raster_img	harv	weixi_top_sm	harvard-full/doi_10_7910/DVN/ZZKZ6U/CHGIS_V2.zip::shapefiles/v2_1948_rock_maps.ZIP::small/weixi_top_sm.jpg
raster_img	harv	yenyuan_btm_sm	harvard-full/doi_10_7910/DVN/ZZKZ6U/CHGIS_V2.zip::shapefiles/v2_1948_rock_maps.ZIP::small/yenyuan_btm_sm.jpg
raster_img	harv	yenyuan_mid_sm	harvard-full/doi_10_7910/DVN/ZZKZ6U/CHGIS_V2.zip::shapefiles/v2_1948_rock_maps.ZIP::small/yenyuan_mid_sm.jpg
raster_img	harv	yenyuan_top_sm	harvard-full/doi_10_7910/DVN/ZZKZ6U/CHGIS_V2.zip::shapefiles/v2_1948_rock_maps.ZIP::small/yenyuan_top_sm.jpg
raster_tif	harv	ne_three	harvard-full/doi_10_7910/DVN/ZZKZ6U/CHGIS_V2.zip::shapefiles/v2_dem_ne_three.ZIP::ne_three.tif
raster_tif	harv	north_two	harvard-full/doi_10_7910/DVN/ZZKZ6U/CHGIS_V2.zip::shapefiles/v2_dem_north_two.ZIP::north_two.tif
raster_tif	harv	nw_one	harvard-full/doi_10_7910/DVN/ZZKZ6U/CHGIS_V2.zip::shapefiles/v2_dem_nw_one.ZIP::nw_one.tif
raster_tif	harv	se_four	harvard-full/doi_10_7910/DVN/ZZKZ6U/CHGIS_V2.zip::shapefiles/v2_dem_se_four.ZIP::se_four.tif
raster_tif	harv	south_five	harvard-full/doi_10_7910/DVN/ZZKZ6U/CHGIS_V2.zip::shapefiles/v2_dem_south_five.ZIP::south_five.tif
raster_tif	harv	sw_six	harvard-full/doi_10_7910/DVN/ZZKZ6U/CHGIS_V2.zip::shapefiles/v2_dem_sw_six.ZIP::sw_six.tif
sql	chgis	(需读源内表结构)	chgis-v6/China_Periods_ReignDates.zip::china_chron/china_chron.sql
excel	chgis	(需读 sheet/表名)	chgis-v6/China_Periods_ReignDates.zip::china_chron/china_chron.xls
excel	chgis	(需读 sheet/表名)	chgis-v6/China_Periods_ReignDates.zip::china_chron/china_chron_fields.xls
excel	harv	(需读 sheet/表名)	harvard/chgis/CHGIS_data_dictionary.zip::v6_data_dictionary.xlsx
excel	harv	(需读 sheet/表名)	harvard/chgis/CHGIS_data_dictionary.zip::v6_feature_types.xlsx
excel	harv	(需读 sheet/表名)	harvard/chgis/CHGIS_data_dictionary.zip::xtra_change_types.xlsx
excel	harv	(需读 sheet/表名)	harvard/chgis/CHGIS_data_dictionary.zip::xtra_contributors.xlsx
excel	harv	(需读 sheet/表名)	harvard/chgis/CHGIS_data_dictionary.zip::xtra_date_rules.xlsx
excel	harv	(需读 sheet/表名)	harvard/chgis/CHGIS_data_dictionary.zip::xtra_geo_source.xlsx
excel	harv	(需读 sheet/表名)	harvard-full/doi_10_7910/DVN/ELTD3L/RAS_1900_pdb2_gis.ZIP::Tib19pdb_orig.xls
excel	harv	(需读 sheet/表名)	harvard-full/doi_10_7910/DVN/EOH3FV/1999_gb_pop_uce.xls
sql	harv	(需读源内表结构)	harvard-full/doi_10_7910/DVN/H3OB28/tgaz_bak_2018.zip::tgaz_bak_2018.sql
excel	chgis	(需读 sheet/表名)	harvard-full/doi_10_7910/DVN/HIMIVE/V3_Data_Archive.zip::shapefiles/chgis_tmpl_pts_utf.ZIP::CHGIS_TMPL_28apr.xls
access	chgis	(需读源内表结构)	harvard-full/doi_10_7910/DVN/HIMIVE/V3_Data_Archive.zip::access_dbase/v3_chgis_dbase.ZIP::v3_chgis_database.mdb
excel	harv	(需读 sheet/表名)	harvard-full/doi_10_7910/DVN/M7WEFY/Manshu_200K_index_SHP.zip::Manshu_Index_Stanford_links.xlsx
access	chgis	(需读源内表结构)	harvard-full/doi_10_7910/DVN/PDGOZ0/V4_Data_Archive.zip::access_database/v4_chgis_dbase.mdb
access	chgis	(需读源内表结构)	harvard-full/doi_10_7910/DVN/PDGOZ0/V4_Data_Archive.zip::access_database/v4_chgis_dbase.zip::v4_chgis_dbase.mdb
excel	chgis	(需读 sheet/表名)	harvard-full/doi_10_7910/DVN/PDGOZ0/V4_Data_Archive.zip::KML/CHGIS_v4_buddhist_KML.zip::CHGIS_TMPL_28apr.xls
excel	chgis	(需读 sheet/表名)	harvard-full/doi_10_7910/DVN/PDGOZ0/V4_Data_Archive.zip::KML/ChinaW_KML_utf.zip::Gazetteers.Beta.xls
excel	chgis	(需读 sheet/表名)	harvard-full/doi_10_7910/DVN/PDGOZ0/V4_Data_Archive.zip::KML/ChinaW_KML_utf.zip::ChinaW.Master.Beta.xls
excel	chgis	(需读 sheet/表名)	harvard-full/doi_10_7910/DVN/PDGOZ0/V4_Data_Archive.zip::KML/ming_garrisons_KML.zip::MingGarrisonsSheet_29jan08.xls
excel	chgis	(需读 sheet/表名)	harvard-full/doi_10_7910/DVN/PDGOZ0/V4_Data_Archive.zip::metadata/v4_data_dictionary.xlsx
excel	chgis	(需读 sheet/表名)	harvard-full/doi_10_7910/DVN/PDGOZ0/V4_Data_Archive.zip::metadata/v4_feature_types.xlsx
excel	chgis	(需读 sheet/表名)	harvard-full/doi_10_7910/DVN/PDGOZ0/V4_Data_Archive.zip::metadata/xtra_change_types.xlsx
excel	chgis	(需读 sheet/表名)	harvard-full/doi_10_7910/DVN/PDGOZ0/V4_Data_Archive.zip::metadata/xtra_contributors.xlsx
excel	chgis	(需读 sheet/表名)	harvard-full/doi_10_7910/DVN/PDGOZ0/V4_Data_Archive.zip::metadata/xtra_date_rules.xlsx
excel	chgis	(需读 sheet/表名)	harvard-full/doi_10_7910/DVN/PDGOZ0/V4_Data_Archive.zip::metadata/xtra_geo_source.xlsx
excel	chgis	(需读 sheet/表名)	harvard-full/doi_10_7910/DVN/PDGOZ0/V4_Data_Archive.zip::shapefiles/ChinaW_pts_gbk.zip::Gazetteers.Beta.xls
excel	chgis	(需读 sheet/表名)	harvard-full/doi_10_7910/DVN/PDGOZ0/V4_Data_Archive.zip::shapefiles/ChinaW_pts_gbk.zip::ChinaW.Master.Beta.xls
excel	chgis	(需读 sheet/表名)	harvard-full/doi_10_7910/DVN/PDGOZ0/V4_Data_Archive.zip::shapefiles/v4_buddhist_pts_utf.zip::CHGIS_TMPL_28apr.xls
access	chgis	(需读源内表结构)	harvard-full/doi_10_7910/DVN/PDGOZ0/V4_Data_Archive.zip::shapefiles/v4_chgis_dbase.zip::v4_chgis_dbase.mdb
excel	harv	(需读 sheet/表名)	harvard-full/doi_10_7910/DVN/PRCLTU/THDL_ADMareas_rev022401.xls
excel	harv	(需读 sheet/表名)	harvard-full/doi_10_7910/DVN/W6PFXR/Tibet_Monasteries_TBRC_V1_2013.zip::CodeBook_Tibet_Monasteries_20120629.xls
access	chgis	(需读源内表结构)	harvard-full/doi_10_7910/DVN/ZZKZ6U/CHGIS_V2.zip::access_dbase/chgis_v2_database.ZIP::chgis_v2_database.mdb
